,dataset_id,hyperparameter_name,hyperparameter_value,seed,error_rate,runtime
0,40984,max_conf_interval_size_default,0.01,6,0.0635,11736.0
1,40984,max_conf_interval_size_default,0.01,1,0.0601,10283.0
2,40984,max_conf_interval_size_default,0.01,5,0.061,10776.0
3,40984,max_conf_interval_size_default,0.01,8,0.0603,8511.0
4,40984,max_conf_interval_size_default,0.01,2,0.062,9217.0
5,40984,max_conf_interval_size_default,0.01,0,0.0607,9040.0
6,40984,max_conf_interval_size_default,0.01,7,0.058,11124.0
7,40984,max_conf_interval_size_default,0.01,3,0.0598,8983.0
8,40984,max_conf_interval_size_default,0.01,9,0.0598,11849.0
9,40984,max_conf_interval_size_default,0.01,4,0.0587,9901.0
10,40984,max_conf_interval_size_default,0.04,6,0.059,9540.0
11,40984,max_conf_interval_size_default,0.04,1,0.0623,8786.0
12,40984,max_conf_interval_size_default,0.04,5,0.0603,8385.0
13,40984,max_conf_interval_size_default,0.04,8,0.0603,6402.0
14,40984,max_conf_interval_size_default,0.04,2,0.0643,7345.0
15,40984,max_conf_interval_size_default,0.04,0,0.061,6792.0
16,40984,max_conf_interval_size_default,0.04,7,0.0596,8465.0
17,40984,max_conf_interval_size_default,0.04,3,0.0591,6767.0
18,40984,max_conf_interval_size_default,0.04,9,0.0523,8704.0
19,40984,max_conf_interval_size_default,0.04,4,0.0587,7516.0
20,40984,max_conf_interval_size_default,0.07,0,0.0655,6059.0
21,40984,max_conf_interval_size_default,0.07,7,0.0608,7539.0
22,40984,max_conf_interval_size_default,0.07,3,0.0673,6265.0
23,40984,max_conf_interval_size_default,0.07,9,0.0609,8305.0
24,40984,max_conf_interval_size_default,0.07,4,0.0603,6550.0
25,40984,max_conf_interval_size_default,0.07,6,0.0632,8662.0
26,40984,max_conf_interval_size_default,0.07,1,0.0756,7203.0
27,40984,max_conf_interval_size_default,0.07,5,0.0613,7699.0
28,40984,max_conf_interval_size_default,0.07,8,0.0592,5572.0
29,40984,max_conf_interval_size_default,0.07,2,0.0607,6751.0
30,40984,max_conf_interval_size_default,0.1,0,0.0597,6025.0
31,40984,max_conf_interval_size_default,0.1,7,0.0608,7164.0
32,40984,max_conf_interval_size_default,0.1,9,0.052,7747.0
33,40984,max_conf_interval_size_default,0.1,3,0.0673,5591.0
34,40984,max_conf_interval_size_default,0.1,4,0.0629,6314.0
35,40984,max_conf_interval_size_default,0.1,6,0.0632,8278.0
36,40984,max_conf_interval_size_default,0.1,1,0.0624,6918.0
37,40984,max_conf_interval_size_default,0.1,5,0.0606,7545.0
38,40984,max_conf_interval_size_default,0.1,2,0.0607,6487.0
39,40984,max_conf_interval_size_default,0.1,8,0.0629,5815.0
40,40984,MAX_ESTIMATE_MARGIN_FOR_FULL_EVALUATION,-0.01,8,0.0629,5454.0
41,40984,MAX_ESTIMATE_MARGIN_FOR_FULL_EVALUATION,-0.01,2,0.0642,6452.0
42,40984,MAX_ESTIMATE_MARGIN_FOR_FULL_EVALUATION,-0.01,5,0.0643,7804.0
43,40984,MAX_ESTIMATE_MARGIN_FOR_FULL_EVALUATION,-0.01,1,0.0624,6978.0
44,40984,MAX_ESTIMATE_MARGIN_FOR_FULL_EVALUATION,-0.01,6,0.059,8416.0
45,40984,MAX_ESTIMATE_MARGIN_FOR_FULL_EVALUATION,-0.01,4,0.0603,6138.0
46,40984,MAX_ESTIMATE_MARGIN_FOR_FULL_EVALUATION,-0.01,3,0.0673,5502.0
47,40984,MAX_ESTIMATE_MARGIN_FOR_FULL_EVALUATION,-0.01,9,0.0622,7635.0
48,40984,MAX_ESTIMATE_MARGIN_FOR_FULL_EVALUATION,-0.01,7,0.0585,7183.0
49,40984,MAX_ESTIMATE_MARGIN_FOR_FULL_EVALUATION,-0.01,0,0.0597,5737.0
50,40984,MAX_ESTIMATE_MARGIN_FOR_FULL_EVALUATION,0.01,3,0.0673,5563.0
51,40984,MAX_ESTIMATE_MARGIN_FOR_FULL_EVALUATION,0.01,9,0.052,7536.0
52,40984,MAX_ESTIMATE_MARGIN_FOR_FULL_EVALUATION,0.01,4,0.0629,6179.0
53,40984,MAX_ESTIMATE_MARGIN_FOR_FULL_EVALUATION,0.01,0,0.0597,5954.0
54,40984,MAX_ESTIMATE_MARGIN_FOR_FULL_EVALUATION,0.01,7,0.0608,7216.0
55,40984,MAX_ESTIMATE_MARGIN_FOR_FULL_EVALUATION,0.01,5,0.0606,7670.0
56,40984,MAX_ESTIMATE_MARGIN_FOR_FULL_EVALUATION,0.01,8,0.0603,5451.0
57,40984,MAX_ESTIMATE_MARGIN_FOR_FULL_EVALUATION,0.01,2,0.0607,6427.0
58,40984,MAX_ESTIMATE_MARGIN_FOR_FULL_EVALUATION,0.01,6,0.0607,8434.0
59,40984,MAX_ESTIMATE_MARGIN_FOR_FULL_EVALUATION,0.01,1,0.0624,6814.0
60,40984,MAX_ESTIMATE_MARGIN_FOR_FULL_EVALUATION,0.1,6,0.0632,8905.0
61,40984,MAX_ESTIMATE_MARGIN_FOR_FULL_EVALUATION,0.1,1,0.0624,7675.0
62,40984,MAX_ESTIMATE_MARGIN_FOR_FULL_EVALUATION,0.1,5,0.0606,7876.0
63,40984,MAX_ESTIMATE_MARGIN_FOR_FULL_EVALUATION,0.1,2,0.0607,6880.0
64,40984,MAX_ESTIMATE_MARGIN_FOR_FULL_EVALUATION,0.1,8,0.0629,5916.0
65,40984,MAX_ESTIMATE_MARGIN_FOR_FULL_EVALUATION,0.1,0,0.0597,6426.0
66,40984,MAX_ESTIMATE_MARGIN_FOR_FULL_EVALUATION,0.1,7,0.0608,7643.0
67,40984,MAX_ESTIMATE_MARGIN_FOR_FULL_EVALUATION,0.1,9,0.052,8479.0
68,40984,MAX_ESTIMATE_MARGIN_FOR_FULL_EVALUATION,0.1,3,0.0673,6128.0
69,40984,MAX_ESTIMATE_MARGIN_FOR_FULL_EVALUATION,0.1,4,0.0629,6489.0
70,40984,MAX_ESTIMATE_MARGIN_FOR_FULL_EVALUATION,-0.04,5,0.0584,7847.0
71,40984,MAX_ESTIMATE_MARGIN_FOR_FULL_EVALUATION,-0.04,8,0.0621,5532.0
72,40984,MAX_ESTIMATE_MARGIN_FOR_FULL_EVALUATION,-0.04,2,0.0642,6499.0
73,40984,MAX_ESTIMATE_MARGIN_FOR_FULL_EVALUATION,-0.04,6,0.0621,7902.0
74,40984,MAX_ESTIMATE_MARGIN_FOR_FULL_EVALUATION,-0.04,1,0.0624,6914.0
75,40984,MAX_ESTIMATE_MARGIN_FOR_FULL_EVALUATION,-0.04,3,0.0673,5393.0
76,40984,MAX_ESTIMATE_MARGIN_FOR_FULL_EVALUATION,-0.04,9,0.0622,7508.0
77,40984,MAX_ESTIMATE_MARGIN_FOR_FULL_EVALUATION,-0.04,4,0.0603,6035.0
78,40984,MAX_ESTIMATE_MARGIN_FOR_FULL_EVALUATION,-0.04,0,0.0597,5846.0
79,40984,MAX_ESTIMATE_MARGIN_FOR_FULL_EVALUATION,-0.04,7,0.0585,7223.0
80,40984,MAX_ESTIMATE_MARGIN_FOR_FULL_EVALUATION,0.04,2,0.0607,6565.0
81,40984,MAX_ESTIMATE_MARGIN_FOR_FULL_EVALUATION,0.04,8,0.0629,5786.0
82,40984,MAX_ESTIMATE_MARGIN_FOR_FULL_EVALUATION,0.04,5,0.0606,7469.0
83,40984,MAX_ESTIMATE_MARGIN_FOR_FULL_EVALUATION,0.04,1,0.0624,7052.0
84,40984,MAX_ESTIMATE_MARGIN_FOR_FULL_EVALUATION,0.04,6,0.0632,8515.0
85,40984,MAX_ESTIMATE_MARGIN_FOR_FULL_EVALUATION,0.04,4,0.0629,6373.0
86,40984,MAX_ESTIMATE_MARGIN_FOR_FULL_EVALUATION,0.04,9,0.052,7696.0
87,40984,MAX_ESTIMATE_MARGIN_FOR_FULL_EVALUATION,0.04,3,0.0673,5848.0
88,40984,MAX_ESTIMATE_MARGIN_FOR_FULL_EVALUATION,0.04,7,0.0608,7262.0
89,40984,MAX_ESTIMATE_MARGIN_FOR_FULL_EVALUATION,0.04,0,0.0597,6274.0
90,40984,MAX_ESTIMATE_MARGIN_FOR_FULL_EVALUATION,-0.1,7,0.0585,7156.0
91,40984,MAX_ESTIMATE_MARGIN_FOR_FULL_EVALUATION,-0.1,0,0.0597,5956.0
92,40984,MAX_ESTIMATE_MARGIN_FOR_FULL_EVALUATION,-0.1,4,0.0603,5932.0
93,40984,MAX_ESTIMATE_MARGIN_FOR_FULL_EVALUATION,-0.1,3,0.0673,5422.0
94,40984,MAX_ESTIMATE_MARGIN_FOR_FULL_EVALUATION,-0.1,9,0.0677,7508.0
95,40984,MAX_ESTIMATE_MARGIN_FOR_FULL_EVALUATION,-0.1,1,0.0636,6994.0
96,40984,MAX_ESTIMATE_MARGIN_FOR_FULL_EVALUATION,-0.1,6,0.0621,7905.0
97,40984,MAX_ESTIMATE_MARGIN_FOR_FULL_EVALUATION,-0.1,8,0.0621,5487.0
98,40984,MAX_ESTIMATE_MARGIN_FOR_FULL_EVALUATION,-0.1,2,0.0642,6587.0
99,40984,MAX_ESTIMATE_MARGIN_FOR_FULL_EVALUATION,-0.1,5,0.0584,7760.0
100,40984,MAX_ESTIMATE_MARGIN_FOR_FULL_EVALUATION,-0.07,2,0.0642,6590.0
101,40984,MAX_ESTIMATE_MARGIN_FOR_FULL_EVALUATION,-0.07,8,0.0621,5535.0
102,40984,MAX_ESTIMATE_MARGIN_FOR_FULL_EVALUATION,-0.07,5,0.0584,7801.0
103,40984,MAX_ESTIMATE_MARGIN_FOR_FULL_EVALUATION,-0.07,1,0.0636,6832.0
104,40984,MAX_ESTIMATE_MARGIN_FOR_FULL_EVALUATION,-0.07,6,0.0621,7883.0
105,40984,MAX_ESTIMATE_MARGIN_FOR_FULL_EVALUATION,-0.07,4,0.0603,5989.0
106,40984,MAX_ESTIMATE_MARGIN_FOR_FULL_EVALUATION,-0.07,9,0.0677,7523.0
107,40984,MAX_ESTIMATE_MARGIN_FOR_FULL_EVALUATION,-0.07,3,0.0673,5422.0
108,40984,MAX_ESTIMATE_MARGIN_FOR_FULL_EVALUATION,-0.07,7,0.0585,7156.0
109,40984,MAX_ESTIMATE_MARGIN_FOR_FULL_EVALUATION,-0.07,0,0.0597,5811.0
110,40984,MAX_ESTIMATE_MARGIN_FOR_FULL_EVALUATION,0.07,3,0.0673,5854.0
111,40984,MAX_ESTIMATE_MARGIN_FOR_FULL_EVALUATION,0.07,9,0.052,8077.0
112,40984,MAX_ESTIMATE_MARGIN_FOR_FULL_EVALUATION,0.07,4,0.0629,6415.0
113,40984,MAX_ESTIMATE_MARGIN_FOR_FULL_EVALUATION,0.07,0,0.0597,6373.0
114,40984,MAX_ESTIMATE_MARGIN_FOR_FULL_EVALUATION,0.07,7,0.0608,7267.0
115,40984,MAX_ESTIMATE_MARGIN_FOR_FULL_EVALUATION,0.07,5,0.0606,7780.0
116,40984,MAX_ESTIMATE_MARGIN_FOR_FULL_EVALUATION,0.07,8,0.0629,5867.0
117,40984,MAX_ESTIMATE_MARGIN_FOR_FULL_EVALUATION,0.07,2,0.0607,6720.0
118,40984,MAX_ESTIMATE_MARGIN_FOR_FULL_EVALUATION,0.07,6,0.0632,8665.0
119,40984,MAX_ESTIMATE_MARGIN_FOR_FULL_EVALUATION,0.07,1,0.0624,7524.0
120,40984,return_estimate_on_incomplete_runs,True,6,0.0632,8304.0
121,40984,return_estimate_on_incomplete_runs,True,1,0.0624,7004.0
122,40984,return_estimate_on_incomplete_runs,True,5,0.0606,7530.0
123,40984,return_estimate_on_incomplete_runs,True,8,0.0629,5694.0
124,40984,return_estimate_on_incomplete_runs,True,2,0.0607,6521.0
125,40984,return_estimate_on_incomplete_runs,True,0,0.0597,5983.0
126,40984,return_estimate_on_incomplete_runs,True,7,0.0608,7168.0
127,40984,return_estimate_on_incomplete_runs,True,3,0.0673,5566.0
128,40984,return_estimate_on_incomplete_runs,True,9,0.052,7707.0
129,40984,return_estimate_on_incomplete_runs,True,4,0.0629,6342.0
130,40984,return_estimate_on_incomplete_runs,False,1,0.0624,7103.0
131,40984,return_estimate_on_incomplete_runs,False,6,0.0632,8383.0
132,40984,return_estimate_on_incomplete_runs,False,2,0.0607,6460.0
133,40984,return_estimate_on_incomplete_runs,False,8,0.0629,5656.0
134,40984,return_estimate_on_incomplete_runs,False,5,0.0606,7525.0
135,40984,return_estimate_on_incomplete_runs,False,7,0.0608,7159.0
136,40984,return_estimate_on_incomplete_runs,False,0,0.0597,5977.0
137,40984,return_estimate_on_incomplete_runs,False,4,0.0629,6294.0
138,40984,return_estimate_on_incomplete_runs,False,9,0.052,7671.0
139,40984,return_estimate_on_incomplete_runs,False,3,0.0673,5702.0
140,40984,base,4,7,0.058,9168.0
141,40984,base,4,0,0.0716,7689.0
142,40984,base,4,4,0.0587,7832.0
143,40984,base,4,9,0.0647,9275.0
144,40984,base,4,3,0.0674,6838.0
145,40984,base,4,1,0.0614,9238.0
146,40984,base,4,6,0.069,9437.0
147,40984,base,4,2,0.0629,7906.0
148,40984,base,4,8,0.0642,6174.0
149,40984,base,4,5,0.0591,8391.0
150,40984,base,3,9,0.0773,9644.0
151,40984,base,3,3,0.0618,6710.0
152,40984,base,3,4,0.0587,7928.0
153,40984,base,3,0,0.0597,7492.0
154,40984,base,3,7,0.06,9429.0
155,40984,base,3,5,0.0725,8485.0
156,40984,base,3,2,0.0629,7849.0
157,40984,base,3,8,0.0587,6081.0
158,40984,base,3,6,0.0605,9733.0
159,40984,base,3,1,0.0767,9336.0
160,40984,base,2,3,0.0673,5664.0
161,40984,base,2,9,0.052,7707.0
162,40984,base,2,4,0.0629,6358.0
163,40984,base,2,0,0.0597,5995.0
164,40984,base,2,7,0.0608,7169.0
165,40984,base,2,5,0.0606,7652.0
166,40984,base,2,8,0.0629,5703.0
167,40984,base,2,2,0.0607,6475.0
168,40984,base,2,6,0.0632,8279.0
169,40984,base,2,1,0.0624,7091.0
170,3,base,2,2,0.0153,3576.0
171,3,base,2,8,0.0062,2775.0
172,3,base,2,5,0.0058,3323.0
173,3,base,2,1,0.0094,4200.0
174,3,base,2,6,0.0063,5337.0
175,3,base,2,4,0.0061,3381.0
176,3,base,2,9,0.0034,4178.0
177,3,base,2,3,0.0068,3262.0
178,3,base,2,7,0.0062,4524.0
179,3,base,2,0,0.0047,3015.0
180,3,base,4,4,0.0063,5204.0
181,3,base,4,3,0.0062,4187.0
182,3,base,4,9,0.0034,5349.0
183,3,base,4,7,0.0062,5892.0
184,3,base,4,0,0.0051,3638.0
185,3,base,4,8,0.0062,3628.0
186,3,base,4,2,0.0153,4247.0
187,3,base,4,5,0.0047,4618.0
188,3,base,4,1,0.0093,6656.0
189,3,base,4,6,0.0057,6573.0
190,3,base,3,9,0.0033,6329.0
191,3,base,3,3,0.0062,4604.0
192,3,base,3,4,0.0053,5575.0
193,3,base,3,0,0.0051,4443.0
194,3,base,3,7,0.0081,6869.0
195,3,base,3,5,0.0047,5099.0
196,3,base,3,2,0.0152,4886.0
197,3,base,3,8,0.0062,4015.0
198,3,base,3,6,0.0066,7344.0
199,3,base,3,1,0.0092,7411.0
200,3,max_conf_interval_size_default,0.04,2,0.0162,4014.0
201,3,max_conf_interval_size_default,0.04,8,0.0062,3400.0
202,3,max_conf_interval_size_default,0.04,5,0.0047,3623.0
203,3,max_conf_interval_size_default,0.04,1,0.0092,4277.0
204,3,max_conf_interval_size_default,0.04,6,0.0107,6137.0
205,3,max_conf_interval_size_default,0.04,4,0.0053,3755.0
206,3,max_conf_interval_size_default,0.04,9,0.0034,4670.0
207,3,max_conf_interval_size_default,0.04,3,0.0062,3602.0
208,3,max_conf_interval_size_default,0.04,7,0.0063,4619.0
209,3,max_conf_interval_size_default,0.04,0,0.0047,3225.0
210,3,max_conf_interval_size_default,0.07,5,0.0058,3815.0
211,3,max_conf_interval_size_default,0.07,8,0.0062,3030.0
212,3,max_conf_interval_size_default,0.07,2,0.0191,3795.0
213,3,max_conf_interval_size_default,0.07,6,0.0074,5576.0
214,3,max_conf_interval_size_default,0.07,1,0.0093,4323.0
215,3,max_conf_interval_size_default,0.07,3,0.0062,3468.0
216,3,max_conf_interval_size_default,0.07,9,0.0034,4608.0
217,3,max_conf_interval_size_default,0.07,4,0.0061,3488.0
218,3,max_conf_interval_size_default,0.07,0,0.0047,2944.0
219,3,max_conf_interval_size_default,0.07,7,0.0062,4493.0
220,3,max_conf_interval_size_default,0.1,2,0.0153,3556.0
221,3,max_conf_interval_size_default,0.1,8,0.0062,2768.0
222,3,max_conf_interval_size_default,0.1,5,0.0058,3333.0
223,3,max_conf_interval_size_default,0.1,1,0.0094,4118.0
224,3,max_conf_interval_size_default,0.1,6,0.0063,5328.0
225,3,max_conf_interval_size_default,0.1,4,0.0061,3408.0
226,3,max_conf_interval_size_default,0.1,9,0.0034,4202.0
227,3,max_conf_interval_size_default,0.1,3,0.0068,3239.0
228,3,max_conf_interval_size_default,0.1,7,0.0062,4533.0
229,3,max_conf_interval_size_default,0.1,0,0.0047,2986.0
230,3,max_conf_interval_size_default,0.01,6,0.0073,6392.0
231,3,max_conf_interval_size_default,0.01,1,0.0086,5609.0
232,3,max_conf_interval_size_default,0.01,5,0.0058,4468.0
233,3,max_conf_interval_size_default,0.01,8,0.0062,3726.0
234,3,max_conf_interval_size_default,0.01,2,0.0162,4417.0
235,3,max_conf_interval_size_default,0.01,0,0.0047,3734.0
236,3,max_conf_interval_size_default,0.01,7,0.0062,5654.0
237,3,max_conf_interval_size_default,0.01,3,0.0062,4004.0
238,3,max_conf_interval_size_default,0.01,9,0.0034,5642.0
239,3,max_conf_interval_size_default,0.01,4,0.0088,4466.0
240,3,return_estimate_on_incomplete_runs,False,4,0.0061,3362.0
241,3,return_estimate_on_incomplete_runs,False,3,0.0068,3271.0
242,3,return_estimate_on_incomplete_runs,False,9,0.0034,4154.0
243,3,return_estimate_on_incomplete_runs,False,7,0.0062,4533.0
244,3,return_estimate_on_incomplete_runs,False,0,0.0047,2971.0
245,3,return_estimate_on_incomplete_runs,False,8,0.0062,2781.0
246,3,return_estimate_on_incomplete_runs,False,2,0.0153,3590.0
247,3,return_estimate_on_incomplete_runs,False,5,0.0058,3323.0
248,3,return_estimate_on_incomplete_runs,False,1,0.0094,4228.0
249,3,return_estimate_on_incomplete_runs,False,6,0.0063,5322.0
250,3,return_estimate_on_incomplete_runs,True,7,0.0062,4518.0
251,3,return_estimate_on_incomplete_runs,True,0,0.0047,2976.0
252,3,return_estimate_on_incomplete_runs,True,4,0.0061,3418.0
253,3,return_estimate_on_incomplete_runs,True,3,0.0068,3262.0
254,3,return_estimate_on_incomplete_runs,True,9,0.0034,4157.0
255,3,return_estimate_on_incomplete_runs,True,1,0.0094,4102.0
256,3,return_estimate_on_incomplete_runs,True,6,0.0063,5335.0
257,3,return_estimate_on_incomplete_runs,True,8,0.0062,2727.0
258,3,return_estimate_on_incomplete_runs,True,2,0.0153,3565.0
259,3,return_estimate_on_incomplete_runs,True,5,0.0058,3324.0
260,3,MAX_ESTIMATE_MARGIN_FOR_FULL_EVALUATION,-0.01,5,0.0058,3325.0
261,3,MAX_ESTIMATE_MARGIN_FOR_FULL_EVALUATION,-0.01,2,0.0155,3579.0
262,3,MAX_ESTIMATE_MARGIN_FOR_FULL_EVALUATION,-0.01,8,0.0062,2876.0
263,3,MAX_ESTIMATE_MARGIN_FOR_FULL_EVALUATION,-0.01,6,0.0063,5361.0
264,3,MAX_ESTIMATE_MARGIN_FOR_FULL_EVALUATION,-0.01,1,0.0094,4160.0
265,3,MAX_ESTIMATE_MARGIN_FOR_FULL_EVALUATION,-0.01,9,0.0034,3895.0
266,3,MAX_ESTIMATE_MARGIN_FOR_FULL_EVALUATION,-0.01,3,0.0068,2891.0
267,3,MAX_ESTIMATE_MARGIN_FOR_FULL_EVALUATION,-0.01,4,0.0061,3263.0
268,3,MAX_ESTIMATE_MARGIN_FOR_FULL_EVALUATION,-0.01,0,0.0047,3023.0
269,3,MAX_ESTIMATE_MARGIN_FOR_FULL_EVALUATION,-0.01,7,0.0062,4544.0
270,3,MAX_ESTIMATE_MARGIN_FOR_FULL_EVALUATION,0.01,1,0.0094,4243.0
271,3,MAX_ESTIMATE_MARGIN_FOR_FULL_EVALUATION,0.01,6,0.0063,5353.0
272,3,MAX_ESTIMATE_MARGIN_FOR_FULL_EVALUATION,0.01,8,0.0062,2907.0
273,3,MAX_ESTIMATE_MARGIN_FOR_FULL_EVALUATION,0.01,2,0.0155,3577.0
274,3,MAX_ESTIMATE_MARGIN_FOR_FULL_EVALUATION,0.01,5,0.0058,3349.0
275,3,MAX_ESTIMATE_MARGIN_FOR_FULL_EVALUATION,0.01,7,0.0062,4679.0
276,3,MAX_ESTIMATE_MARGIN_FOR_FULL_EVALUATION,0.01,0,0.0047,2999.0
277,3,MAX_ESTIMATE_MARGIN_FOR_FULL_EVALUATION,0.01,4,0.0061,3307.0
278,3,MAX_ESTIMATE_MARGIN_FOR_FULL_EVALUATION,0.01,3,0.0068,2974.0
279,3,MAX_ESTIMATE_MARGIN_FOR_FULL_EVALUATION,0.01,9,0.0034,4221.0
280,3,MAX_ESTIMATE_MARGIN_FOR_FULL_EVALUATION,-0.1,3,0.0068,2954.0
281,3,MAX_ESTIMATE_MARGIN_FOR_FULL_EVALUATION,-0.1,9,0.0034,4005.0
282,3,MAX_ESTIMATE_MARGIN_FOR_FULL_EVALUATION,-0.1,4,0.0061,3247.0
283,3,MAX_ESTIMATE_MARGIN_FOR_FULL_EVALUATION,-0.1,0,0.0047,3111.0
284,3,MAX_ESTIMATE_MARGIN_FOR_FULL_EVALUATION,-0.1,7,0.0062,4566.0
285,3,MAX_ESTIMATE_MARGIN_FOR_FULL_EVALUATION,-0.1,5,0.0047,3325.0
286,3,MAX_ESTIMATE_MARGIN_FOR_FULL_EVALUATION,-0.1,8,0.0062,3009.0
287,3,MAX_ESTIMATE_MARGIN_FOR_FULL_EVALUATION,-0.1,2,0.0155,3654.0
288,3,MAX_ESTIMATE_MARGIN_FOR_FULL_EVALUATION,-0.1,6,0.0063,5077.0
289,3,MAX_ESTIMATE_MARGIN_FOR_FULL_EVALUATION,-0.1,1,0.0094,3998.0
290,3,MAX_ESTIMATE_MARGIN_FOR_FULL_EVALUATION,-0.07,1,0.0094,4145.0
291,3,MAX_ESTIMATE_MARGIN_FOR_FULL_EVALUATION,-0.07,6,0.0063,5113.0
292,3,MAX_ESTIMATE_MARGIN_FOR_FULL_EVALUATION,-0.07,8,0.0062,2969.0
293,3,MAX_ESTIMATE_MARGIN_FOR_FULL_EVALUATION,-0.07,2,0.0155,3612.0
294,3,MAX_ESTIMATE_MARGIN_FOR_FULL_EVALUATION,-0.07,5,0.0058,3333.0
295,3,MAX_ESTIMATE_MARGIN_FOR_FULL_EVALUATION,-0.07,7,0.0062,4529.0
296,3,MAX_ESTIMATE_MARGIN_FOR_FULL_EVALUATION,-0.07,0,0.0047,3070.0
297,3,MAX_ESTIMATE_MARGIN_FOR_FULL_EVALUATION,-0.07,4,0.0061,3260.0
298,3,MAX_ESTIMATE_MARGIN_FOR_FULL_EVALUATION,-0.07,3,0.0068,2921.0
299,3,MAX_ESTIMATE_MARGIN_FOR_FULL_EVALUATION,-0.07,9,0.0034,3991.0
300,3,MAX_ESTIMATE_MARGIN_FOR_FULL_EVALUATION,0.07,4,0.0057,3363.0
301,3,MAX_ESTIMATE_MARGIN_FOR_FULL_EVALUATION,0.07,3,0.0068,3262.0
302,3,MAX_ESTIMATE_MARGIN_FOR_FULL_EVALUATION,0.07,9,0.0034,4471.0
303,3,MAX_ESTIMATE_MARGIN_FOR_FULL_EVALUATION,0.07,7,0.0062,4811.0
304,3,MAX_ESTIMATE_MARGIN_FOR_FULL_EVALUATION,0.07,0,0.0047,2963.0
305,3,MAX_ESTIMATE_MARGIN_FOR_FULL_EVALUATION,0.07,8,0.0062,3014.0
306,3,MAX_ESTIMATE_MARGIN_FOR_FULL_EVALUATION,0.07,2,0.0155,3535.0
307,3,MAX_ESTIMATE_MARGIN_FOR_FULL_EVALUATION,0.07,5,0.0058,3543.0
308,3,MAX_ESTIMATE_MARGIN_FOR_FULL_EVALUATION,0.07,1,0.0094,4512.0
309,3,MAX_ESTIMATE_MARGIN_FOR_FULL_EVALUATION,0.07,6,0.0074,5566.0
310,3,MAX_ESTIMATE_MARGIN_FOR_FULL_EVALUATION,-0.04,2,0.0155,3605.0
311,3,MAX_ESTIMATE_MARGIN_FOR_FULL_EVALUATION,-0.04,8,0.0062,2944.0
312,3,MAX_ESTIMATE_MARGIN_FOR_FULL_EVALUATION,-0.04,5,0.0058,3313.0
313,3,MAX_ESTIMATE_MARGIN_FOR_FULL_EVALUATION,-0.04,1,0.0094,4170.0
314,3,MAX_ESTIMATE_MARGIN_FOR_FULL_EVALUATION,-0.04,6,0.0063,5125.0
315,3,MAX_ESTIMATE_MARGIN_FOR_FULL_EVALUATION,-0.04,4,0.0061,3317.0
316,3,MAX_ESTIMATE_MARGIN_FOR_FULL_EVALUATION,-0.04,9,0.0034,3921.0
317,3,MAX_ESTIMATE_MARGIN_FOR_FULL_EVALUATION,-0.04,3,0.0068,2888.0
318,3,MAX_ESTIMATE_MARGIN_FOR_FULL_EVALUATION,-0.04,7,0.0062,4568.0
319,3,MAX_ESTIMATE_MARGIN_FOR_FULL_EVALUATION,-0.04,0,0.0047,3016.0
320,3,MAX_ESTIMATE_MARGIN_FOR_FULL_EVALUATION,0.04,1,0.0094,4219.0
321,3,MAX_ESTIMATE_MARGIN_FOR_FULL_EVALUATION,0.04,6,0.0074,5268.0
322,3,MAX_ESTIMATE_MARGIN_FOR_FULL_EVALUATION,0.04,8,0.0062,2746.0
323,3,MAX_ESTIMATE_MARGIN_FOR_FULL_EVALUATION,0.04,2,0.0155,3522.0
324,3,MAX_ESTIMATE_MARGIN_FOR_FULL_EVALUATION,0.04,5,0.0058,3314.0
325,3,MAX_ESTIMATE_MARGIN_FOR_FULL_EVALUATION,0.04,7,0.0062,4535.0
326,3,MAX_ESTIMATE_MARGIN_FOR_FULL_EVALUATION,0.04,0,0.0047,2980.0
327,3,MAX_ESTIMATE_MARGIN_FOR_FULL_EVALUATION,0.04,4,0.0061,3357.0
328,3,MAX_ESTIMATE_MARGIN_FOR_FULL_EVALUATION,0.04,3,0.0068,3261.0
329,3,MAX_ESTIMATE_MARGIN_FOR_FULL_EVALUATION,0.04,9,0.0034,4176.0
330,3,MAX_ESTIMATE_MARGIN_FOR_FULL_EVALUATION,0.1,2,0.0155,3530.0
331,3,MAX_ESTIMATE_MARGIN_FOR_FULL_EVALUATION,0.1,8,0.0062,2980.0
332,3,MAX_ESTIMATE_MARGIN_FOR_FULL_EVALUATION,0.1,5,0.0058,3678.0
333,3,MAX_ESTIMATE_MARGIN_FOR_FULL_EVALUATION,0.1,1,0.0094,4618.0
334,3,MAX_ESTIMATE_MARGIN_FOR_FULL_EVALUATION,0.1,6,0.0074,5873.0
335,3,MAX_ESTIMATE_MARGIN_FOR_FULL_EVALUATION,0.1,4,0.006,3446.0
336,3,MAX_ESTIMATE_MARGIN_FOR_FULL_EVALUATION,0.1,9,0.0034,4517.0
337,3,MAX_ESTIMATE_MARGIN_FOR_FULL_EVALUATION,0.1,3,0.0068,3229.0
338,3,MAX_ESTIMATE_MARGIN_FOR_FULL_EVALUATION,0.1,7,0.0062,4764.0
339,3,MAX_ESTIMATE_MARGIN_FOR_FULL_EVALUATION,0.1,0,0.0047,2989.0
340,4134,max_conf_interval_size_default,0.07,8,0.1898,19467.0
341,4134,max_conf_interval_size_default,0.07,2,0.1986,23869.0
342,4134,max_conf_interval_size_default,0.07,5,0.204,24224.0
343,4134,max_conf_interval_size_default,0.07,1,0.2067,24621.0
344,4134,max_conf_interval_size_default,0.07,6,0.2118,21988.0
345,4134,max_conf_interval_size_default,0.07,4,0.1866,21180.0
346,4134,max_conf_interval_size_default,0.07,3,0.2013,25354.0
347,4134,max_conf_interval_size_default,0.07,9,0.2005,23893.0
348,4134,max_conf_interval_size_default,0.07,7,0.1888,25551.0
349,4134,max_conf_interval_size_default,0.07,0,0.2002,23021.0
350,4134,max_conf_interval_size_default,0.04,6,0.1948,23901.0
351,4134,max_conf_interval_size_default,0.04,1,0.1999,23762.0
352,4134,max_conf_interval_size_default,0.04,5,0.2032,24072.0
353,4134,max_conf_interval_size_default,0.04,2,0.1979,25262.0
354,4134,max_conf_interval_size_default,0.04,8,0.1968,20418.0
355,4134,max_conf_interval_size_default,0.04,0,0.1884,24103.0
356,4134,max_conf_interval_size_default,0.04,7,0.208,25319.0
357,4134,max_conf_interval_size_default,0.04,9,0.2005,24503.0
358,4134,max_conf_interval_size_default,0.04,3,0.1934,25563.0
359,4134,max_conf_interval_size_default,0.04,4,0.1986,22983.0
360,4134,max_conf_interval_size_default,0.01,0,0.1992,29325.0
361,4134,max_conf_interval_size_default,0.01,7,0.1967,29896.0
362,4134,max_conf_interval_size_default,0.01,3,0.2078,29732.0
363,4134,max_conf_interval_size_default,0.01,9,0.1866,30468.0
364,4134,max_conf_interval_size_default,0.01,4,0.1864,26001.0
365,4134,max_conf_interval_size_default,0.01,6,0.2137,27427.0
366,4134,max_conf_interval_size_default,0.01,1,0.2005,29562.0
367,4134,max_conf_interval_size_default,0.01,5,0.2077,28059.0
368,4134,max_conf_interval_size_default,0.01,8,0.1939,24064.0
369,4134,max_conf_interval_size_default,0.01,2,0.1923,30482.0
370,4134,max_conf_interval_size_default,0.1,5,0.1919,24410.0
371,4134,max_conf_interval_size_default,0.1,8,0.2146,19336.0
372,4134,max_conf_interval_size_default,0.1,2,0.1986,24870.0
373,4134,max_conf_interval_size_default,0.1,6,0.2004,22963.0
374,4134,max_conf_interval_size_default,0.1,1,0.1998,24992.0
375,4134,max_conf_interval_size_default,0.1,3,0.1988,25143.0
376,4134,max_conf_interval_size_default,0.1,9,0.1896,24562.0
377,4134,max_conf_interval_size_default,0.1,4,0.2016,21588.0
378,4134,max_conf_interval_size_default,0.1,0,0.1885,22544.0
379,4134,max_conf_interval_size_default,0.1,7,0.1889,24507.0
380,4134,base,2,6,0.2004,22445.0
381,4134,base,2,8,0.2146,19561.0
382,4134,base,2,7,0.1889,24531.0
383,4134,base,2,9,0.1898,24565.0
384,4134,base,3,9,0.1878,34293.0
385,4134,base,3,3,0.1909,31804.0
386,4134,base,3,4,0.1863,31390.0
387,4134,base,3,7,0.1967,34539.0
388,4134,base,3,5,0.2077,32163.0
389,4134,base,3,2,0.2055,31411.0
390,4134,base,3,8,0.1895,26711.0
391,4134,base,3,6,0.1967,31633.0
392,4134,base,3,1,0.2022,34077.0
393,4134,base,4,0,0.1933,30692.0
394,4134,base,4,7,0.1994,33115.0
395,4134,base,4,9,0.1936,32506.0
396,4134,base,4,3,0.1916,30648.0
397,4134,base,4,4,0.1987,30023.0
398,4134,base,4,6,0.1953,30012.0
399,4134,base,4,1,0.2004,33441.0
400,4134,base,4,5,0.1968,31349.0
401,4134,base,4,2,0.1995,30329.0
402,4134,base,4,8,0.1992,25769.0
403,4134,MAX_ESTIMATE_MARGIN_FOR_FULL_EVALUATION,-0.01,3,0.1932,24898.0
404,4134,MAX_ESTIMATE_MARGIN_FOR_FULL_EVALUATION,-0.01,9,0.1935,24121.0
405,4134,MAX_ESTIMATE_MARGIN_FOR_FULL_EVALUATION,-0.01,4,0.1854,21751.0
406,4134,MAX_ESTIMATE_MARGIN_FOR_FULL_EVALUATION,-0.01,0,0.1885,22471.0
407,4134,MAX_ESTIMATE_MARGIN_FOR_FULL_EVALUATION,-0.01,7,0.1889,24592.0
408,4134,MAX_ESTIMATE_MARGIN_FOR_FULL_EVALUATION,-0.01,5,0.1919,23847.0
409,4134,MAX_ESTIMATE_MARGIN_FOR_FULL_EVALUATION,-0.01,8,0.189,19737.0
410,4134,MAX_ESTIMATE_MARGIN_FOR_FULL_EVALUATION,-0.01,2,0.1989,24887.0
411,4134,MAX_ESTIMATE_MARGIN_FOR_FULL_EVALUATION,-0.01,6,0.2004,23197.0
412,4134,MAX_ESTIMATE_MARGIN_FOR_FULL_EVALUATION,-0.01,1,0.1998,25060.0
413,4134,MAX_ESTIMATE_MARGIN_FOR_FULL_EVALUATION,0.1,1,0.1965,25905.0
414,4134,MAX_ESTIMATE_MARGIN_FOR_FULL_EVALUATION,0.1,6,0.1954,23847.0
415,4134,MAX_ESTIMATE_MARGIN_FOR_FULL_EVALUATION,0.1,2,0.1986,25673.0
416,4134,MAX_ESTIMATE_MARGIN_FOR_FULL_EVALUATION,0.1,8,0.2018,20111.0
417,4134,MAX_ESTIMATE_MARGIN_FOR_FULL_EVALUATION,0.1,5,0.1914,24279.0
418,4134,MAX_ESTIMATE_MARGIN_FOR_FULL_EVALUATION,0.1,7,0.2004,24706.0
419,4134,MAX_ESTIMATE_MARGIN_FOR_FULL_EVALUATION,0.1,0,0.1885,24002.0
420,4134,MAX_ESTIMATE_MARGIN_FOR_FULL_EVALUATION,0.1,4,0.1854,21897.0
421,4134,MAX_ESTIMATE_MARGIN_FOR_FULL_EVALUATION,0.1,9,0.1931,24819.0
422,4134,MAX_ESTIMATE_MARGIN_FOR_FULL_EVALUATION,0.1,3,0.199,25315.0
423,4134,MAX_ESTIMATE_MARGIN_FOR_FULL_EVALUATION,0.01,4,0.2016,21579.0
424,4134,MAX_ESTIMATE_MARGIN_FOR_FULL_EVALUATION,0.01,9,0.1933,24167.0
425,4134,MAX_ESTIMATE_MARGIN_FOR_FULL_EVALUATION,0.01,3,0.1988,25129.0
426,4134,MAX_ESTIMATE_MARGIN_FOR_FULL_EVALUATION,0.01,7,0.1889,24308.0
427,4134,MAX_ESTIMATE_MARGIN_FOR_FULL_EVALUATION,0.01,0,0.1885,22397.0
428,4134,MAX_ESTIMATE_MARGIN_FOR_FULL_EVALUATION,0.01,2,0.1986,25506.0
429,4134,MAX_ESTIMATE_MARGIN_FOR_FULL_EVALUATION,0.01,8,0.2146,19470.0
430,4134,MAX_ESTIMATE_MARGIN_FOR_FULL_EVALUATION,0.01,5,0.1919,24184.0
431,4134,MAX_ESTIMATE_MARGIN_FOR_FULL_EVALUATION,0.01,1,0.1998,25411.0
432,4134,MAX_ESTIMATE_MARGIN_FOR_FULL_EVALUATION,0.01,6,0.2004,22246.0
433,4134,MAX_ESTIMATE_MARGIN_FOR_FULL_EVALUATION,-0.07,2,0.199,25966.0
434,4134,MAX_ESTIMATE_MARGIN_FOR_FULL_EVALUATION,-0.07,8,0.189,19441.0
435,4134,MAX_ESTIMATE_MARGIN_FOR_FULL_EVALUATION,-0.07,5,0.1979,23784.0
436,4134,MAX_ESTIMATE_MARGIN_FOR_FULL_EVALUATION,-0.07,1,0.1998,25292.0
437,4134,MAX_ESTIMATE_MARGIN_FOR_FULL_EVALUATION,-0.07,6,0.2124,23562.0
438,4134,MAX_ESTIMATE_MARGIN_FOR_FULL_EVALUATION,-0.07,4,0.1854,22308.0
439,4134,MAX_ESTIMATE_MARGIN_FOR_FULL_EVALUATION,-0.07,9,0.1935,23980.0
440,4134,MAX_ESTIMATE_MARGIN_FOR_FULL_EVALUATION,-0.07,3,0.1988,24348.0
441,4134,MAX_ESTIMATE_MARGIN_FOR_FULL_EVALUATION,-0.07,7,0.2048,23774.0
442,4134,MAX_ESTIMATE_MARGIN_FOR_FULL_EVALUATION,-0.07,0,0.1885,22690.0
443,4134,MAX_ESTIMATE_MARGIN_FOR_FULL_EVALUATION,0.04,6,0.2004,22209.0
444,4134,MAX_ESTIMATE_MARGIN_FOR_FULL_EVALUATION,0.04,1,0.1998,25036.0
445,4134,MAX_ESTIMATE_MARGIN_FOR_FULL_EVALUATION,0.04,5,0.1919,24650.0
446,4134,MAX_ESTIMATE_MARGIN_FOR_FULL_EVALUATION,0.04,8,0.2146,19768.0
447,4134,MAX_ESTIMATE_MARGIN_FOR_FULL_EVALUATION,0.04,2,0.1986,25342.0
448,4134,MAX_ESTIMATE_MARGIN_FOR_FULL_EVALUATION,0.04,0,0.1885,22456.0
449,4134,MAX_ESTIMATE_MARGIN_FOR_FULL_EVALUATION,0.04,7,0.1889,24401.0
450,4134,MAX_ESTIMATE_MARGIN_FOR_FULL_EVALUATION,0.04,3,0.1988,25364.0
451,4134,MAX_ESTIMATE_MARGIN_FOR_FULL_EVALUATION,0.04,9,0.2005,24175.0
452,4134,MAX_ESTIMATE_MARGIN_FOR_FULL_EVALUATION,0.04,4,0.2016,21972.0
453,4134,MAX_ESTIMATE_MARGIN_FOR_FULL_EVALUATION,-0.1,9,0.1933,23626.0
454,4134,MAX_ESTIMATE_MARGIN_FOR_FULL_EVALUATION,-0.1,3,0.1932,24648.0
455,4134,MAX_ESTIMATE_MARGIN_FOR_FULL_EVALUATION,-0.1,4,0.1854,22038.0
456,4134,MAX_ESTIMATE_MARGIN_FOR_FULL_EVALUATION,-0.1,0,0.1885,22466.0
457,4134,MAX_ESTIMATE_MARGIN_FOR_FULL_EVALUATION,-0.1,7,0.2004,23913.0
458,4134,MAX_ESTIMATE_MARGIN_FOR_FULL_EVALUATION,-0.1,5,0.1979,23492.0
459,4134,MAX_ESTIMATE_MARGIN_FOR_FULL_EVALUATION,-0.1,2,0.199,25280.0
460,4134,MAX_ESTIMATE_MARGIN_FOR_FULL_EVALUATION,-0.1,8,0.189,19260.0
461,4134,MAX_ESTIMATE_MARGIN_FOR_FULL_EVALUATION,-0.1,6,0.2124,23752.0
462,4134,MAX_ESTIMATE_MARGIN_FOR_FULL_EVALUATION,-0.1,1,0.1998,25726.0
463,4134,MAX_ESTIMATE_MARGIN_FOR_FULL_EVALUATION,-0.04,6,0.2124,23641.0
464,4134,MAX_ESTIMATE_MARGIN_FOR_FULL_EVALUATION,-0.04,1,0.1998,25315.0
465,4134,MAX_ESTIMATE_MARGIN_FOR_FULL_EVALUATION,-0.04,5,0.1979,23683.0
466,4134,MAX_ESTIMATE_MARGIN_FOR_FULL_EVALUATION,-0.04,2,0.199,25431.0
467,4134,MAX_ESTIMATE_MARGIN_FOR_FULL_EVALUATION,-0.04,8,0.189,19416.0
468,4134,MAX_ESTIMATE_MARGIN_FOR_FULL_EVALUATION,-0.04,0,0.1885,22703.0
469,4134,MAX_ESTIMATE_MARGIN_FOR_FULL_EVALUATION,-0.04,7,0.2048,24172.0
470,4134,MAX_ESTIMATE_MARGIN_FOR_FULL_EVALUATION,-0.04,9,0.1935,24186.0
471,4134,MAX_ESTIMATE_MARGIN_FOR_FULL_EVALUATION,-0.04,3,0.2032,24714.0
472,4134,MAX_ESTIMATE_MARGIN_FOR_FULL_EVALUATION,-0.04,4,0.1854,21667.0
473,4134,MAX_ESTIMATE_MARGIN_FOR_FULL_EVALUATION,0.07,2,0.1989,24837.0
474,4134,MAX_ESTIMATE_MARGIN_FOR_FULL_EVALUATION,0.07,8,0.2018,19970.0
475,4134,MAX_ESTIMATE_MARGIN_FOR_FULL_EVALUATION,0.07,5,0.1919,24582.0
476,4134,MAX_ESTIMATE_MARGIN_FOR_FULL_EVALUATION,0.07,1,0.2022,25852.0
477,4134,MAX_ESTIMATE_MARGIN_FOR_FULL_EVALUATION,0.07,6,0.2004,23331.0
478,4134,MAX_ESTIMATE_MARGIN_FOR_FULL_EVALUATION,0.07,4,0.2006,21436.0
479,4134,MAX_ESTIMATE_MARGIN_FOR_FULL_EVALUATION,0.07,9,0.2005,24322.0
480,4134,MAX_ESTIMATE_MARGIN_FOR_FULL_EVALUATION,0.07,3,0.1988,25399.0
481,4134,MAX_ESTIMATE_MARGIN_FOR_FULL_EVALUATION,0.07,7,0.1889,24853.0
482,4134,MAX_ESTIMATE_MARGIN_FOR_FULL_EVALUATION,0.07,0,0.2013,22309.0
483,4134,return_estimate_on_incomplete_runs,True,7,0.1995,24395.0
484,4134,return_estimate_on_incomplete_runs,True,0,0.1885,22886.0
485,4134,return_estimate_on_incomplete_runs,True,4,0.2016,21699.0
486,4134,return_estimate_on_incomplete_runs,True,1,0.1998,24957.0
487,4134,return_estimate_on_incomplete_runs,True,6,0.2004,22372.0
488,4134,return_estimate_on_incomplete_runs,True,2,0.1989,24846.0
489,4134,return_estimate_on_incomplete_runs,True,8,0.2146,19469.0
490,4134,return_estimate_on_incomplete_runs,True,5,0.2008,23676.0
491,4134,return_estimate_on_incomplete_runs,False,9,0.2005,24078.0
492,4134,return_estimate_on_incomplete_runs,False,3,0.1988,25295.0
493,4134,return_estimate_on_incomplete_runs,False,4,0.2016,21494.0
494,4134,return_estimate_on_incomplete_runs,False,0,0.1885,22422.0
495,4134,return_estimate_on_incomplete_runs,False,7,0.1889,24616.0
496,4134,return_estimate_on_incomplete_runs,False,5,0.1919,24190.0
497,4134,return_estimate_on_incomplete_runs,False,2,0.1989,25336.0
498,4134,return_estimate_on_incomplete_runs,False,8,0.2146,19924.0
499,4134,return_estimate_on_incomplete_runs,False,6,0.2004,22383.0
500,4134,return_estimate_on_incomplete_runs,False,1,0.1934,24946.0
501,1461,MAX_ESTIMATE_MARGIN_FOR_FULL_EVALUATION,0.07,2,0.1076,11556.0
502,1461,MAX_ESTIMATE_MARGIN_FOR_FULL_EVALUATION,0.07,8,0.1091,9553.0
503,1461,MAX_ESTIMATE_MARGIN_FOR_FULL_EVALUATION,0.07,5,0.1088,12657.0
504,1461,MAX_ESTIMATE_MARGIN_FOR_FULL_EVALUATION,0.07,1,0.1073,11990.0
505,1461,MAX_ESTIMATE_MARGIN_FOR_FULL_EVALUATION,0.07,6,0.1071,15963.0
506,1461,MAX_ESTIMATE_MARGIN_FOR_FULL_EVALUATION,0.07,4,0.1076,13855.0
507,1461,MAX_ESTIMATE_MARGIN_FOR_FULL_EVALUATION,0.07,3,0.1058,11223.0
508,1461,MAX_ESTIMATE_MARGIN_FOR_FULL_EVALUATION,0.07,7,0.1073,14660.0
509,1461,MAX_ESTIMATE_MARGIN_FOR_FULL_EVALUATION,0.07,0,0.107,11564.0
510,1461,MAX_ESTIMATE_MARGIN_FOR_FULL_EVALUATION,-0.01,0,0.107,12717.0
511,1461,MAX_ESTIMATE_MARGIN_FOR_FULL_EVALUATION,-0.01,7,0.1068,14919.0
512,1461,MAX_ESTIMATE_MARGIN_FOR_FULL_EVALUATION,-0.01,3,0.1058,12896.0
513,1461,MAX_ESTIMATE_MARGIN_FOR_FULL_EVALUATION,-0.01,4,0.1076,14367.0
514,1461,MAX_ESTIMATE_MARGIN_FOR_FULL_EVALUATION,-0.01,6,0.1074,18540.0
515,1461,MAX_ESTIMATE_MARGIN_FOR_FULL_EVALUATION,-0.01,1,0.1072,14006.0
516,1461,MAX_ESTIMATE_MARGIN_FOR_FULL_EVALUATION,-0.01,5,0.1134,13612.0
517,1461,MAX_ESTIMATE_MARGIN_FOR_FULL_EVALUATION,-0.01,8,0.1075,9482.0
518,1461,MAX_ESTIMATE_MARGIN_FOR_FULL_EVALUATION,-0.01,2,0.1073,13027.0
519,1461,MAX_ESTIMATE_MARGIN_FOR_FULL_EVALUATION,-0.1,3,0.1058,13355.0
520,1461,MAX_ESTIMATE_MARGIN_FOR_FULL_EVALUATION,-0.1,4,0.1074,14236.0
521,1461,MAX_ESTIMATE_MARGIN_FOR_FULL_EVALUATION,-0.1,0,0.1073,12678.0
522,1461,MAX_ESTIMATE_MARGIN_FOR_FULL_EVALUATION,-0.1,7,0.1068,15158.0
523,1461,MAX_ESTIMATE_MARGIN_FOR_FULL_EVALUATION,-0.1,5,0.1134,13392.0
524,1461,MAX_ESTIMATE_MARGIN_FOR_FULL_EVALUATION,-0.1,2,0.1073,12919.0
525,1461,MAX_ESTIMATE_MARGIN_FOR_FULL_EVALUATION,-0.1,8,0.1075,9652.0
526,1461,MAX_ESTIMATE_MARGIN_FOR_FULL_EVALUATION,-0.1,6,0.1079,18785.0
527,1461,MAX_ESTIMATE_MARGIN_FOR_FULL_EVALUATION,-0.1,1,0.1072,13843.0
528,1461,MAX_ESTIMATE_MARGIN_FOR_FULL_EVALUATION,0.04,7,0.1073,14403.0
529,1461,MAX_ESTIMATE_MARGIN_FOR_FULL_EVALUATION,0.04,0,0.107,11684.0
530,1461,MAX_ESTIMATE_MARGIN_FOR_FULL_EVALUATION,0.04,4,0.1076,14085.0
531,1461,MAX_ESTIMATE_MARGIN_FOR_FULL_EVALUATION,0.04,9,0.1073,15356.0
532,1461,MAX_ESTIMATE_MARGIN_FOR_FULL_EVALUATION,0.04,3,0.1058,11463.0
533,1461,MAX_ESTIMATE_MARGIN_FOR_FULL_EVALUATION,0.04,1,0.1073,12025.0
534,1461,MAX_ESTIMATE_MARGIN_FOR_FULL_EVALUATION,0.04,6,0.1071,15671.0
535,1461,MAX_ESTIMATE_MARGIN_FOR_FULL_EVALUATION,0.04,2,0.1076,11307.0
536,1461,MAX_ESTIMATE_MARGIN_FOR_FULL_EVALUATION,0.04,8,0.1091,9394.0
537,1461,MAX_ESTIMATE_MARGIN_FOR_FULL_EVALUATION,0.04,5,0.1088,12619.0
538,1461,MAX_ESTIMATE_MARGIN_FOR_FULL_EVALUATION,0.1,1,0.1073,11971.0
539,1461,MAX_ESTIMATE_MARGIN_FOR_FULL_EVALUATION,0.1,6,0.1071,15825.0
540,1461,MAX_ESTIMATE_MARGIN_FOR_FULL_EVALUATION,0.1,8,0.1091,9517.0
541,1461,MAX_ESTIMATE_MARGIN_FOR_FULL_EVALUATION,0.1,2,0.1076,11499.0
542,1461,MAX_ESTIMATE_MARGIN_FOR_FULL_EVALUATION,0.1,5,0.1088,12527.0
543,1461,MAX_ESTIMATE_MARGIN_FOR_FULL_EVALUATION,0.1,0,0.107,11687.0
544,1461,MAX_ESTIMATE_MARGIN_FOR_FULL_EVALUATION,0.1,4,0.1076,14076.0
545,1461,MAX_ESTIMATE_MARGIN_FOR_FULL_EVALUATION,0.1,3,0.1058,11170.0
546,1461,MAX_ESTIMATE_MARGIN_FOR_FULL_EVALUATION,0.1,9,0.1073,15289.0
547,1461,MAX_ESTIMATE_MARGIN_FOR_FULL_EVALUATION,-0.07,7,0.1068,15118.0
548,1461,MAX_ESTIMATE_MARGIN_FOR_FULL_EVALUATION,-0.07,0,0.1073,13023.0
549,1461,MAX_ESTIMATE_MARGIN_FOR_FULL_EVALUATION,-0.07,4,0.1074,14518.0
550,1461,MAX_ESTIMATE_MARGIN_FOR_FULL_EVALUATION,-0.07,3,0.1058,12841.0
551,1461,MAX_ESTIMATE_MARGIN_FOR_FULL_EVALUATION,-0.07,1,0.1072,13881.0
552,1461,MAX_ESTIMATE_MARGIN_FOR_FULL_EVALUATION,-0.07,6,0.1079,18668.0
553,1461,MAX_ESTIMATE_MARGIN_FOR_FULL_EVALUATION,-0.07,2,0.1073,12749.0
554,1461,MAX_ESTIMATE_MARGIN_FOR_FULL_EVALUATION,-0.07,8,0.1075,9459.0
555,1461,MAX_ESTIMATE_MARGIN_FOR_FULL_EVALUATION,-0.07,5,0.1134,12878.0
556,1461,MAX_ESTIMATE_MARGIN_FOR_FULL_EVALUATION,0.01,6,0.1071,17203.0
557,1461,MAX_ESTIMATE_MARGIN_FOR_FULL_EVALUATION,0.01,1,0.1072,14044.0
558,1461,MAX_ESTIMATE_MARGIN_FOR_FULL_EVALUATION,0.01,5,0.1073,13302.0
559,1461,MAX_ESTIMATE_MARGIN_FOR_FULL_EVALUATION,0.01,2,0.1075,12158.0
560,1461,MAX_ESTIMATE_MARGIN_FOR_FULL_EVALUATION,0.01,8,0.1091,9266.0
561,1461,MAX_ESTIMATE_MARGIN_FOR_FULL_EVALUATION,0.01,0,0.107,12440.0
562,1461,MAX_ESTIMATE_MARGIN_FOR_FULL_EVALUATION,0.01,7,0.1068,14651.0
563,1461,MAX_ESTIMATE_MARGIN_FOR_FULL_EVALUATION,0.01,9,0.107,16037.0
564,1461,MAX_ESTIMATE_MARGIN_FOR_FULL_EVALUATION,0.01,3,0.1062,12935.0
565,1461,MAX_ESTIMATE_MARGIN_FOR_FULL_EVALUATION,0.01,4,0.1076,14589.0
566,1461,MAX_ESTIMATE_MARGIN_FOR_FULL_EVALUATION,-0.04,5,0.1134,13033.0
567,1461,MAX_ESTIMATE_MARGIN_FOR_FULL_EVALUATION,-0.04,8,0.1075,9404.0
568,1461,MAX_ESTIMATE_MARGIN_FOR_FULL_EVALUATION,-0.04,2,0.1073,12757.0
569,1461,MAX_ESTIMATE_MARGIN_FOR_FULL_EVALUATION,-0.04,6,0.1079,18399.0
570,1461,MAX_ESTIMATE_MARGIN_FOR_FULL_EVALUATION,-0.04,1,0.1072,13797.0
571,1461,MAX_ESTIMATE_MARGIN_FOR_FULL_EVALUATION,-0.04,3,0.1058,12872.0
572,1461,MAX_ESTIMATE_MARGIN_FOR_FULL_EVALUATION,-0.04,4,0.1074,14475.0
573,1461,MAX_ESTIMATE_MARGIN_FOR_FULL_EVALUATION,-0.04,0,0.1073,13098.0
574,1461,MAX_ESTIMATE_MARGIN_FOR_FULL_EVALUATION,-0.04,7,0.1073,14990.0
575,1461,return_estimate_on_incomplete_runs,False,5,0.1088,12604.0
576,1461,return_estimate_on_incomplete_runs,False,2,0.1076,11508.0
577,1461,return_estimate_on_incomplete_runs,False,8,0.1091,9232.0
578,1461,return_estimate_on_incomplete_runs,False,6,0.1071,15519.0
579,1461,return_estimate_on_incomplete_runs,False,1,0.1073,13061.0
580,1461,return_estimate_on_incomplete_runs,False,3,0.1058,11340.0
581,1461,return_estimate_on_incomplete_runs,False,4,0.1076,14384.0
582,1461,return_estimate_on_incomplete_runs,False,0,0.107,12361.0
583,1461,return_estimate_on_incomplete_runs,False,7,0.1073,15018.0
584,1461,return_estimate_on_incomplete_runs,True,1,0.1073,13133.0
585,1461,return_estimate_on_incomplete_runs,True,6,0.1071,15473.0
586,1461,return_estimate_on_incomplete_runs,True,2,0.1076,11451.0
587,1461,return_estimate_on_incomplete_runs,True,8,0.1091,9321.0
588,1461,return_estimate_on_incomplete_runs,True,5,0.1088,12726.0
589,1461,return_estimate_on_incomplete_runs,True,7,0.1073,14981.0
590,1461,return_estimate_on_incomplete_runs,True,0,0.107,12222.0
591,1461,return_estimate_on_incomplete_runs,True,4,0.1076,14328.0
592,1461,return_estimate_on_incomplete_runs,True,9,0.1073,15262.0
593,1461,return_estimate_on_incomplete_runs,True,3,0.1058,11286.0
594,1461,base,2,7,0.1073,15013.0
595,1461,base,2,9,0.1073,15381.0
596,1461,base,2,3,0.1058,11506.0
597,1461,base,2,4,0.1076,14612.0
598,1461,base,2,6,0.1071,15926.0
599,1461,base,2,5,0.1088,12690.0
600,1461,base,2,2,0.1076,11489.0
601,1461,base,2,8,0.1091,9352.0
602,1461,base,4,2,0.1065,16997.0
603,1461,base,4,8,0.107,14090.0
604,1461,base,4,5,0.1066,19830.0
605,1461,base,4,1,0.1066,21863.0
606,1461,base,4,6,0.1079,22646.0
607,1461,base,4,4,,22280.0
608,1461,base,4,9,0.1073,23779.0
609,1461,base,4,3,0.1058,19626.0
610,1461,base,4,7,0.1073,22863.0
611,1461,base,4,0,0.1075,17393.0
612,1461,base,3,1,,21704.0
613,1461,base,3,5,0.1066,17738.0
614,1461,base,3,8,0.1105,13143.0
615,1461,base,3,2,,16756.0
616,1461,base,3,0,0.1064,17021.0
617,1461,base,3,7,0.1072,21399.0
618,1461,base,3,3,0.106,16877.0
619,1461,base,3,9,0.1064,22268.0
620,1461,base,3,4,0.1079,21071.0
621,1461,max_conf_interval_size_default,0.07,7,0.1073,14919.0
622,1461,max_conf_interval_size_default,0.07,0,0.107,11646.0
623,1461,max_conf_interval_size_default,0.07,4,0.1076,14234.0
624,1461,max_conf_interval_size_default,0.07,9,0.1073,15347.0
625,1461,max_conf_interval_size_default,0.07,1,0.1073,12842.0
626,1461,max_conf_interval_size_default,0.07,6,0.1071,15179.0
627,1461,max_conf_interval_size_default,0.07,2,0.1076,11267.0
628,1461,max_conf_interval_size_default,0.07,8,0.1091,9387.0
629,1461,max_conf_interval_size_default,0.07,5,0.1088,12998.0
630,1461,max_conf_interval_size_default,0.1,2,0.1076,11321.0
631,1461,max_conf_interval_size_default,0.1,8,0.1091,9195.0
632,1461,max_conf_interval_size_default,0.1,5,0.1088,12689.0
633,1461,max_conf_interval_size_default,0.1,1,0.1073,13034.0
634,1461,max_conf_interval_size_default,0.1,6,0.1071,15648.0
635,1461,max_conf_interval_size_default,0.1,4,0.1076,14392.0
636,1461,max_conf_interval_size_default,0.1,9,0.1073,15754.0
637,1461,max_conf_interval_size_default,0.1,3,0.1058,11501.0
638,1461,max_conf_interval_size_default,0.1,7,0.1073,15112.0
639,1461,max_conf_interval_size_default,0.1,0,0.107,12096.0
640,1461,max_conf_interval_size_default,0.04,0,0.1078,12286.0
641,1461,max_conf_interval_size_default,0.04,7,0.1073,14653.0
642,1461,max_conf_interval_size_default,0.04,9,0.1073,15435.0
643,1461,max_conf_interval_size_default,0.04,3,0.1058,11638.0
644,1461,max_conf_interval_size_default,0.04,4,0.1077,14423.0
645,1461,max_conf_interval_size_default,0.04,6,0.1071,15084.0
646,1461,max_conf_interval_size_default,0.04,1,0.1073,12744.0
647,1461,max_conf_interval_size_default,0.04,5,0.1088,12616.0
648,1461,max_conf_interval_size_default,0.04,2,0.1076,10984.0
649,1461,max_conf_interval_size_default,0.04,8,0.1091,9234.0
650,1461,max_conf_interval_size_default,0.01,8,0.1104,10084.0
651,1461,max_conf_interval_size_default,0.01,2,0.1074,12031.0
652,1461,max_conf_interval_size_default,0.01,5,0.1091,14155.0
653,1461,max_conf_interval_size_default,0.01,1,0.1067,12709.0
654,1461,max_conf_interval_size_default,0.01,6,0.1068,14762.0
655,1461,max_conf_interval_size_default,0.01,4,0.1074,14069.0
656,1461,max_conf_interval_size_default,0.01,3,0.106,11154.0
657,1461,max_conf_interval_size_default,0.01,9,0.1073,15651.0
658,1461,max_conf_interval_size_default,0.01,7,0.1073,15825.0
659,1461,max_conf_interval_size_default,0.01,0,0.1073,12311.0
660,40975,MAX_ESTIMATE_MARGIN_FOR_FULL_EVALUATION,0.07,7,0.0006,4919.0
661,40975,MAX_ESTIMATE_MARGIN_FOR_FULL_EVALUATION,0.07,0,0.0021,4094.0
662,40975,MAX_ESTIMATE_MARGIN_FOR_FULL_EVALUATION,0.07,4,0.0005,5001.0
663,40975,MAX_ESTIMATE_MARGIN_FOR_FULL_EVALUATION,0.07,3,0.0002,4217.0
664,40975,MAX_ESTIMATE_MARGIN_FOR_FULL_EVALUATION,0.07,9,0.0004,5200.0
665,40975,MAX_ESTIMATE_MARGIN_FOR_FULL_EVALUATION,0.07,1,0.0071,5407.0
666,40975,MAX_ESTIMATE_MARGIN_FOR_FULL_EVALUATION,0.07,6,0.0008,5572.0
667,40975,MAX_ESTIMATE_MARGIN_FOR_FULL_EVALUATION,0.07,8,0.0023,3963.0
668,40975,MAX_ESTIMATE_MARGIN_FOR_FULL_EVALUATION,0.07,2,0.0005,5005.0
669,40975,MAX_ESTIMATE_MARGIN_FOR_FULL_EVALUATION,0.07,5,0.0042,5449.0
670,40975,MAX_ESTIMATE_MARGIN_FOR_FULL_EVALUATION,-0.1,9,0.0004,5761.0
671,40975,MAX_ESTIMATE_MARGIN_FOR_FULL_EVALUATION,-0.1,3,0.0039,4435.0
672,40975,MAX_ESTIMATE_MARGIN_FOR_FULL_EVALUATION,-0.1,4,0.0008,5175.0
673,40975,MAX_ESTIMATE_MARGIN_FOR_FULL_EVALUATION,-0.1,0,0.0021,4475.0
674,40975,MAX_ESTIMATE_MARGIN_FOR_FULL_EVALUATION,-0.1,7,0.0036,5239.0
675,40975,MAX_ESTIMATE_MARGIN_FOR_FULL_EVALUATION,-0.1,5,0.0042,5556.0
676,40975,MAX_ESTIMATE_MARGIN_FOR_FULL_EVALUATION,-0.1,2,0.004,5085.0
677,40975,MAX_ESTIMATE_MARGIN_FOR_FULL_EVALUATION,-0.1,8,0.0002,4204.0
678,40975,MAX_ESTIMATE_MARGIN_FOR_FULL_EVALUATION,-0.1,6,0.0007,5727.0
679,40975,MAX_ESTIMATE_MARGIN_FOR_FULL_EVALUATION,-0.1,1,0.0002,5766.0
680,40975,MAX_ESTIMATE_MARGIN_FOR_FULL_EVALUATION,-0.07,1,0.0071,5648.0
681,40975,MAX_ESTIMATE_MARGIN_FOR_FULL_EVALUATION,-0.07,6,0.001,5706.0
682,40975,MAX_ESTIMATE_MARGIN_FOR_FULL_EVALUATION,-0.07,2,0.004,4968.0
683,40975,MAX_ESTIMATE_MARGIN_FOR_FULL_EVALUATION,-0.07,8,0.0002,4001.0
684,40975,MAX_ESTIMATE_MARGIN_FOR_FULL_EVALUATION,-0.07,5,0.0042,5542.0
685,40975,MAX_ESTIMATE_MARGIN_FOR_FULL_EVALUATION,-0.07,7,0.0036,5249.0
686,40975,MAX_ESTIMATE_MARGIN_FOR_FULL_EVALUATION,-0.07,0,0.0021,4280.0
687,40975,MAX_ESTIMATE_MARGIN_FOR_FULL_EVALUATION,-0.07,4,0.0005,5144.0
688,40975,MAX_ESTIMATE_MARGIN_FOR_FULL_EVALUATION,-0.07,9,0.0004,5600.0
689,40975,MAX_ESTIMATE_MARGIN_FOR_FULL_EVALUATION,-0.07,3,0.0039,4378.0
690,40975,MAX_ESTIMATE_MARGIN_FOR_FULL_EVALUATION,0.1,6,0.0008,5720.0
691,40975,MAX_ESTIMATE_MARGIN_FOR_FULL_EVALUATION,0.1,1,0.0071,5489.0
692,40975,MAX_ESTIMATE_MARGIN_FOR_FULL_EVALUATION,0.1,5,0.0042,5376.0
693,40975,MAX_ESTIMATE_MARGIN_FOR_FULL_EVALUATION,0.1,8,0.0023,3922.0
694,40975,MAX_ESTIMATE_MARGIN_FOR_FULL_EVALUATION,0.1,2,0.0005,4948.0
695,40975,MAX_ESTIMATE_MARGIN_FOR_FULL_EVALUATION,0.1,0,0.0021,4063.0
696,40975,MAX_ESTIMATE_MARGIN_FOR_FULL_EVALUATION,0.1,7,0.0006,4838.0
697,40975,MAX_ESTIMATE_MARGIN_FOR_FULL_EVALUATION,0.1,3,0.0002,4298.0
698,40975,MAX_ESTIMATE_MARGIN_FOR_FULL_EVALUATION,0.1,9,0.0004,5175.0
699,40975,MAX_ESTIMATE_MARGIN_FOR_FULL_EVALUATION,0.1,4,0.0005,5016.0
700,40975,MAX_ESTIMATE_MARGIN_FOR_FULL_EVALUATION,0.04,1,0.0071,5491.0
701,40975,MAX_ESTIMATE_MARGIN_FOR_FULL_EVALUATION,0.04,6,0.0008,5587.0
702,40975,MAX_ESTIMATE_MARGIN_FOR_FULL_EVALUATION,0.04,8,0.0023,3788.0
703,40975,MAX_ESTIMATE_MARGIN_FOR_FULL_EVALUATION,0.04,2,0.0003,4801.0
704,40975,MAX_ESTIMATE_MARGIN_FOR_FULL_EVALUATION,0.04,5,0.0042,5381.0
705,40975,MAX_ESTIMATE_MARGIN_FOR_FULL_EVALUATION,0.04,7,0.0006,5087.0
706,40975,MAX_ESTIMATE_MARGIN_FOR_FULL_EVALUATION,0.04,0,0.0021,4230.0
707,40975,MAX_ESTIMATE_MARGIN_FOR_FULL_EVALUATION,0.04,4,0.0005,5055.0
708,40975,MAX_ESTIMATE_MARGIN_FOR_FULL_EVALUATION,0.04,3,0.0002,4191.0
709,40975,MAX_ESTIMATE_MARGIN_FOR_FULL_EVALUATION,0.04,9,0.0004,5249.0
710,40975,MAX_ESTIMATE_MARGIN_FOR_FULL_EVALUATION,-0.04,6,0.001,5700.0
711,40975,MAX_ESTIMATE_MARGIN_FOR_FULL_EVALUATION,-0.04,1,0.0071,5635.0
712,40975,MAX_ESTIMATE_MARGIN_FOR_FULL_EVALUATION,-0.04,5,0.0042,5536.0
713,40975,MAX_ESTIMATE_MARGIN_FOR_FULL_EVALUATION,-0.04,2,0.004,5029.0
714,40975,MAX_ESTIMATE_MARGIN_FOR_FULL_EVALUATION,-0.04,8,0.0002,3968.0
715,40975,MAX_ESTIMATE_MARGIN_FOR_FULL_EVALUATION,-0.04,0,0.0021,4274.0
716,40975,MAX_ESTIMATE_MARGIN_FOR_FULL_EVALUATION,-0.04,7,0.0006,5178.0
717,40975,MAX_ESTIMATE_MARGIN_FOR_FULL_EVALUATION,-0.04,9,0.0004,5678.0
718,40975,MAX_ESTIMATE_MARGIN_FOR_FULL_EVALUATION,-0.04,3,0.0039,4320.0
719,40975,MAX_ESTIMATE_MARGIN_FOR_FULL_EVALUATION,-0.04,4,0.0005,5148.0
720,40975,MAX_ESTIMATE_MARGIN_FOR_FULL_EVALUATION,0.01,8,0.0023,3811.0
721,40975,MAX_ESTIMATE_MARGIN_FOR_FULL_EVALUATION,0.01,2,0.004,4930.0
722,40975,MAX_ESTIMATE_MARGIN_FOR_FULL_EVALUATION,0.01,5,0.0042,5366.0
723,40975,MAX_ESTIMATE_MARGIN_FOR_FULL_EVALUATION,0.01,1,0.0071,5420.0
724,40975,MAX_ESTIMATE_MARGIN_FOR_FULL_EVALUATION,0.01,6,0.001,5602.0
725,40975,MAX_ESTIMATE_MARGIN_FOR_FULL_EVALUATION,0.01,4,0.0005,5185.0
726,40975,MAX_ESTIMATE_MARGIN_FOR_FULL_EVALUATION,0.01,3,0.0002,4194.0
727,40975,MAX_ESTIMATE_MARGIN_FOR_FULL_EVALUATION,0.01,9,0.0004,5346.0
728,40975,MAX_ESTIMATE_MARGIN_FOR_FULL_EVALUATION,0.01,7,0.0006,4989.0
729,40975,MAX_ESTIMATE_MARGIN_FOR_FULL_EVALUATION,0.01,0,0.0021,4217.0
730,40975,MAX_ESTIMATE_MARGIN_FOR_FULL_EVALUATION,-0.01,0,0.0021,4237.0
731,40975,MAX_ESTIMATE_MARGIN_FOR_FULL_EVALUATION,-0.01,7,0.0006,5032.0
732,40975,MAX_ESTIMATE_MARGIN_FOR_FULL_EVALUATION,-0.01,9,0.0004,5352.0
733,40975,MAX_ESTIMATE_MARGIN_FOR_FULL_EVALUATION,-0.01,3,0.0039,4207.0
734,40975,MAX_ESTIMATE_MARGIN_FOR_FULL_EVALUATION,-0.01,4,0.0005,5122.0
735,40975,MAX_ESTIMATE_MARGIN_FOR_FULL_EVALUATION,-0.01,6,0.001,5686.0
736,40975,MAX_ESTIMATE_MARGIN_FOR_FULL_EVALUATION,-0.01,1,0.0071,5552.0
737,40975,MAX_ESTIMATE_MARGIN_FOR_FULL_EVALUATION,-0.01,5,0.0042,5429.0
738,40975,MAX_ESTIMATE_MARGIN_FOR_FULL_EVALUATION,-0.01,2,0.004,4930.0
739,40975,MAX_ESTIMATE_MARGIN_FOR_FULL_EVALUATION,-0.01,8,0.0023,3867.0
740,40975,max_conf_interval_size_default,0.07,3,0.0039,4297.0
741,40975,max_conf_interval_size_default,0.07,9,0.0004,5602.0
742,40975,max_conf_interval_size_default,0.07,4,0.0005,4748.0
743,40975,max_conf_interval_size_default,0.07,0,0.0021,3793.0
744,40975,max_conf_interval_size_default,0.07,7,0.0006,5144.0
745,40975,max_conf_interval_size_default,0.07,5,0.0042,5387.0
746,40975,max_conf_interval_size_default,0.07,8,0.0023,4341.0
747,40975,max_conf_interval_size_default,0.07,2,0.004,4861.0
748,40975,max_conf_interval_size_default,0.07,6,0.001,5794.0
749,40975,max_conf_interval_size_default,0.07,1,0.0071,5458.0
750,40975,max_conf_interval_size_default,0.04,6,0.0007,7129.0
751,40975,max_conf_interval_size_default,0.04,1,0.0071,6457.0
752,40975,max_conf_interval_size_default,0.04,5,0.0042,6283.0
753,40975,max_conf_interval_size_default,0.04,2,0.0005,5814.0
754,40975,max_conf_interval_size_default,0.04,8,0.0025,4677.0
755,40975,max_conf_interval_size_default,0.04,0,0.0051,4796.0
756,40975,max_conf_interval_size_default,0.04,7,0.0006,6310.0
757,40975,max_conf_interval_size_default,0.04,9,0.0004,6577.0
758,40975,max_conf_interval_size_default,0.04,3,0.0036,4938.0
759,40975,max_conf_interval_size_default,0.04,4,0.0007,5686.0
760,40975,max_conf_interval_size_default,0.1,0,0.0021,4184.0
761,40975,max_conf_interval_size_default,0.1,7,0.0006,5007.0
762,40975,max_conf_interval_size_default,0.1,9,0.0004,5269.0
763,40975,max_conf_interval_size_default,0.1,3,0.0002,4168.0
764,40975,max_conf_interval_size_default,0.1,4,0.0005,5112.0
765,40975,max_conf_interval_size_default,0.1,6,0.001,5633.0
766,40975,max_conf_interval_size_default,0.1,1,0.0071,5436.0
767,40975,max_conf_interval_size_default,0.1,5,0.0042,5373.0
768,40975,max_conf_interval_size_default,0.1,2,0.0003,4850.0
769,40975,max_conf_interval_size_default,0.1,8,0.0023,3874.0
770,40975,max_conf_interval_size_default,0.01,4,0.0005,7045.0
771,40975,max_conf_interval_size_default,0.01,3,0.004,6531.0
772,40975,max_conf_interval_size_default,0.01,9,0.0004,8387.0
773,40975,max_conf_interval_size_default,0.01,7,0.0061,7497.0
774,40975,max_conf_interval_size_default,0.01,0,0.0021,6435.0
775,40975,max_conf_interval_size_default,0.01,8,0.0013,5865.0
776,40975,max_conf_interval_size_default,0.01,2,0.0005,7705.0
777,40975,max_conf_interval_size_default,0.01,5,0.0042,7658.0
778,40975,max_conf_interval_size_default,0.01,1,0.0071,7832.0
779,40975,max_conf_interval_size_default,0.01,6,0.0007,8885.0
780,40975,return_estimate_on_incomplete_runs,False,9,0.0004,5315.0
781,40975,return_estimate_on_incomplete_runs,False,3,0.0002,4202.0
782,40975,return_estimate_on_incomplete_runs,False,4,0.0005,5022.0
783,40975,return_estimate_on_incomplete_runs,False,0,0.0021,4155.0
784,40975,return_estimate_on_incomplete_runs,False,7,0.0006,5005.0
785,40975,return_estimate_on_incomplete_runs,False,5,0.0042,5350.0
786,40975,return_estimate_on_incomplete_runs,False,2,0.0003,4900.0
787,40975,return_estimate_on_incomplete_runs,False,8,0.0023,3848.0
788,40975,return_estimate_on_incomplete_runs,False,6,0.001,5604.0
789,40975,return_estimate_on_incomplete_runs,False,1,0.0071,5516.0
790,40975,return_estimate_on_incomplete_runs,True,2,0.0003,4949.0
791,40975,return_estimate_on_incomplete_runs,True,8,0.0023,3773.0
792,40975,return_estimate_on_incomplete_runs,True,5,0.0042,5387.0
793,40975,return_estimate_on_incomplete_runs,True,1,0.0071,5348.0
794,40975,return_estimate_on_incomplete_runs,True,6,0.001,5596.0
795,40975,return_estimate_on_incomplete_runs,True,4,0.0005,5003.0
796,40975,return_estimate_on_incomplete_runs,True,9,0.0004,5283.0
797,40975,return_estimate_on_incomplete_runs,True,3,0.0002,4200.0
798,40975,return_estimate_on_incomplete_runs,True,7,0.0006,5023.0
799,40975,return_estimate_on_incomplete_runs,True,0,0.0021,4194.0
800,40975,base,4,4,0.0005,5537.0
801,40975,base,4,9,0.0004,5997.0
802,40975,base,4,3,0.004,4456.0
803,40975,base,4,7,0.0004,5788.0
804,40975,base,4,0,0.0027,3980.0
805,40975,base,4,2,0.0005,5828.0
806,40975,base,4,8,0.0013,4458.0
807,40975,base,4,5,0.0075,5135.0
808,40975,base,4,1,0.0002,6420.0
809,40975,base,4,6,0.0007,6169.0
810,40975,base,3,8,0.0044,4674.0
811,40975,base,3,2,0.0005,5998.0
812,40975,base,3,5,0.0042,5820.0
813,40975,base,3,1,0.0071,6592.0
814,40975,base,3,6,0.001,6966.0
815,40975,base,3,4,0.0005,6057.0
816,40975,base,3,3,0.0039,4718.0
817,40975,base,3,9,0.0004,6202.0
818,40975,base,3,7,0.0101,5654.0
819,40975,base,3,0,0.0021,4577.0
820,40975,base,2,3,0.0002,4210.0
821,40975,base,2,9,0.0004,5293.0
822,40975,base,2,4,0.0005,5080.0
823,40975,base,2,7,0.0006,5157.0
824,40975,base,2,5,0.0042,5461.0
825,40975,base,2,8,0.0023,3804.0
826,40975,base,2,6,0.001,5522.0
827,54,MAX_ESTIMATE_MARGIN_FOR_FULL_EVALUATION,-0.04,7,0.1924,3924.0
828,54,MAX_ESTIMATE_MARGIN_FOR_FULL_EVALUATION,-0.04,0,0.1628,3619.0
829,54,MAX_ESTIMATE_MARGIN_FOR_FULL_EVALUATION,-0.04,4,0.166,3118.0
830,54,MAX_ESTIMATE_MARGIN_FOR_FULL_EVALUATION,-0.04,9,0.1564,5135.0
831,54,MAX_ESTIMATE_MARGIN_FOR_FULL_EVALUATION,-0.04,3,0.154,3761.0
832,54,MAX_ESTIMATE_MARGIN_FOR_FULL_EVALUATION,-0.04,1,0.1702,4093.0
833,54,MAX_ESTIMATE_MARGIN_FOR_FULL_EVALUATION,-0.04,6,0.1604,5240.0
834,54,MAX_ESTIMATE_MARGIN_FOR_FULL_EVALUATION,-0.04,2,0.1613,3951.0
835,54,MAX_ESTIMATE_MARGIN_FOR_FULL_EVALUATION,-0.04,8,0.1539,3370.0
836,54,MAX_ESTIMATE_MARGIN_FOR_FULL_EVALUATION,-0.04,5,0.1749,4729.0
837,54,MAX_ESTIMATE_MARGIN_FOR_FULL_EVALUATION,0.1,0,0.1628,3630.0
838,54,MAX_ESTIMATE_MARGIN_FOR_FULL_EVALUATION,0.1,7,0.1924,3922.0
839,54,MAX_ESTIMATE_MARGIN_FOR_FULL_EVALUATION,0.1,9,0.1564,5148.0
840,54,MAX_ESTIMATE_MARGIN_FOR_FULL_EVALUATION,0.1,3,0.154,3859.0
841,54,MAX_ESTIMATE_MARGIN_FOR_FULL_EVALUATION,0.1,4,0.166,3110.0
842,54,MAX_ESTIMATE_MARGIN_FOR_FULL_EVALUATION,0.1,6,0.1604,5243.0
843,54,MAX_ESTIMATE_MARGIN_FOR_FULL_EVALUATION,0.1,1,0.1702,4072.0
844,54,MAX_ESTIMATE_MARGIN_FOR_FULL_EVALUATION,0.1,5,0.1749,4712.0
845,54,MAX_ESTIMATE_MARGIN_FOR_FULL_EVALUATION,0.1,2,0.1613,3872.0
846,54,MAX_ESTIMATE_MARGIN_FOR_FULL_EVALUATION,0.1,8,0.1539,3276.0
847,54,MAX_ESTIMATE_MARGIN_FOR_FULL_EVALUATION,0.01,5,0.1749,4609.0
848,54,MAX_ESTIMATE_MARGIN_FOR_FULL_EVALUATION,0.01,2,0.1613,3870.0
849,54,MAX_ESTIMATE_MARGIN_FOR_FULL_EVALUATION,0.01,8,0.1539,3279.0
850,54,MAX_ESTIMATE_MARGIN_FOR_FULL_EVALUATION,0.01,6,0.1604,5252.0
851,54,MAX_ESTIMATE_MARGIN_FOR_FULL_EVALUATION,0.01,1,0.1702,4094.0
852,54,MAX_ESTIMATE_MARGIN_FOR_FULL_EVALUATION,0.01,9,0.1564,5071.0
853,54,MAX_ESTIMATE_MARGIN_FOR_FULL_EVALUATION,0.01,3,0.154,3755.0
854,54,MAX_ESTIMATE_MARGIN_FOR_FULL_EVALUATION,0.01,4,0.166,3148.0
855,54,MAX_ESTIMATE_MARGIN_FOR_FULL_EVALUATION,0.01,0,0.1628,3577.0
856,54,MAX_ESTIMATE_MARGIN_FOR_FULL_EVALUATION,0.01,7,0.1924,3925.0
857,54,MAX_ESTIMATE_MARGIN_FOR_FULL_EVALUATION,-0.07,0,0.1628,3553.0
858,54,MAX_ESTIMATE_MARGIN_FOR_FULL_EVALUATION,-0.07,7,0.1924,3902.0
859,54,MAX_ESTIMATE_MARGIN_FOR_FULL_EVALUATION,-0.07,9,0.1564,5120.0
860,54,MAX_ESTIMATE_MARGIN_FOR_FULL_EVALUATION,-0.07,3,0.154,3896.0
861,54,MAX_ESTIMATE_MARGIN_FOR_FULL_EVALUATION,-0.07,4,0.166,3113.0
862,54,MAX_ESTIMATE_MARGIN_FOR_FULL_EVALUATION,-0.07,6,0.1604,5347.0
863,54,MAX_ESTIMATE_MARGIN_FOR_FULL_EVALUATION,-0.07,1,0.1702,4084.0
864,54,MAX_ESTIMATE_MARGIN_FOR_FULL_EVALUATION,-0.07,5,0.1749,4699.0
865,54,MAX_ESTIMATE_MARGIN_FOR_FULL_EVALUATION,-0.07,2,0.1613,3825.0
866,54,MAX_ESTIMATE_MARGIN_FOR_FULL_EVALUATION,-0.07,8,0.1539,3278.0
867,54,MAX_ESTIMATE_MARGIN_FOR_FULL_EVALUATION,0.04,9,0.1564,5112.0
868,54,MAX_ESTIMATE_MARGIN_FOR_FULL_EVALUATION,0.04,3,0.154,3761.0
869,54,MAX_ESTIMATE_MARGIN_FOR_FULL_EVALUATION,0.04,4,0.166,3131.0
870,54,MAX_ESTIMATE_MARGIN_FOR_FULL_EVALUATION,0.04,0,0.1628,3575.0
871,54,MAX_ESTIMATE_MARGIN_FOR_FULL_EVALUATION,0.04,7,0.1924,3976.0
872,54,MAX_ESTIMATE_MARGIN_FOR_FULL_EVALUATION,0.04,5,0.1749,4613.0
873,54,MAX_ESTIMATE_MARGIN_FOR_FULL_EVALUATION,0.04,2,0.1613,3899.0
874,54,MAX_ESTIMATE_MARGIN_FOR_FULL_EVALUATION,0.04,8,0.1539,3266.0
875,54,MAX_ESTIMATE_MARGIN_FOR_FULL_EVALUATION,0.04,6,0.1604,5295.0
876,54,MAX_ESTIMATE_MARGIN_FOR_FULL_EVALUATION,0.04,1,0.1702,4201.0
877,54,MAX_ESTIMATE_MARGIN_FOR_FULL_EVALUATION,0.07,4,0.166,3087.0
878,54,MAX_ESTIMATE_MARGIN_FOR_FULL_EVALUATION,0.07,9,0.1564,5124.0
879,54,MAX_ESTIMATE_MARGIN_FOR_FULL_EVALUATION,0.07,3,0.154,3801.0
880,54,MAX_ESTIMATE_MARGIN_FOR_FULL_EVALUATION,0.07,7,0.1924,3921.0
881,54,MAX_ESTIMATE_MARGIN_FOR_FULL_EVALUATION,0.07,0,0.1628,3571.0
882,54,MAX_ESTIMATE_MARGIN_FOR_FULL_EVALUATION,0.07,2,0.1613,3835.0
883,54,MAX_ESTIMATE_MARGIN_FOR_FULL_EVALUATION,0.07,8,0.1539,3323.0
884,54,MAX_ESTIMATE_MARGIN_FOR_FULL_EVALUATION,0.07,5,0.1749,4708.0
885,54,MAX_ESTIMATE_MARGIN_FOR_FULL_EVALUATION,0.07,1,0.1702,4066.0
886,54,MAX_ESTIMATE_MARGIN_FOR_FULL_EVALUATION,0.07,6,0.1604,5233.0
887,54,MAX_ESTIMATE_MARGIN_FOR_FULL_EVALUATION,-0.01,4,0.166,3103.0
888,54,MAX_ESTIMATE_MARGIN_FOR_FULL_EVALUATION,-0.01,3,0.154,3749.0
889,54,MAX_ESTIMATE_MARGIN_FOR_FULL_EVALUATION,-0.01,9,0.1564,5096.0
890,54,MAX_ESTIMATE_MARGIN_FOR_FULL_EVALUATION,-0.01,7,0.1924,3879.0
891,54,MAX_ESTIMATE_MARGIN_FOR_FULL_EVALUATION,-0.01,0,0.1628,3594.0
892,54,MAX_ESTIMATE_MARGIN_FOR_FULL_EVALUATION,-0.01,8,0.1539,3313.0
893,54,MAX_ESTIMATE_MARGIN_FOR_FULL_EVALUATION,-0.01,2,0.1613,3801.0
894,54,MAX_ESTIMATE_MARGIN_FOR_FULL_EVALUATION,-0.01,5,0.1749,4767.0
895,54,MAX_ESTIMATE_MARGIN_FOR_FULL_EVALUATION,-0.01,1,0.1702,4070.0
896,54,MAX_ESTIMATE_MARGIN_FOR_FULL_EVALUATION,-0.01,6,0.1604,5242.0
897,54,MAX_ESTIMATE_MARGIN_FOR_FULL_EVALUATION,-0.1,9,0.1564,5046.0
898,54,MAX_ESTIMATE_MARGIN_FOR_FULL_EVALUATION,-0.1,3,0.154,3807.0
899,54,MAX_ESTIMATE_MARGIN_FOR_FULL_EVALUATION,-0.1,4,0.166,3234.0
900,54,MAX_ESTIMATE_MARGIN_FOR_FULL_EVALUATION,-0.1,0,0.1628,3560.0
901,54,MAX_ESTIMATE_MARGIN_FOR_FULL_EVALUATION,-0.1,7,0.1924,3943.0
902,54,MAX_ESTIMATE_MARGIN_FOR_FULL_EVALUATION,-0.1,5,0.1749,4622.0
903,54,MAX_ESTIMATE_MARGIN_FOR_FULL_EVALUATION,-0.1,2,0.1613,3864.0
904,54,MAX_ESTIMATE_MARGIN_FOR_FULL_EVALUATION,-0.1,8,0.1539,3241.0
905,54,MAX_ESTIMATE_MARGIN_FOR_FULL_EVALUATION,-0.1,6,0.1604,5246.0
906,54,MAX_ESTIMATE_MARGIN_FOR_FULL_EVALUATION,-0.1,1,0.1702,4092.0
907,54,return_estimate_on_incomplete_runs,False,7,0.1924,3926.0
908,54,return_estimate_on_incomplete_runs,False,0,0.1628,3610.0
909,54,return_estimate_on_incomplete_runs,False,4,0.166,3170.0
910,54,return_estimate_on_incomplete_runs,False,9,0.1564,5052.0
911,54,return_estimate_on_incomplete_runs,False,3,0.154,3832.0
912,54,return_estimate_on_incomplete_runs,False,1,0.1702,4072.0
913,54,return_estimate_on_incomplete_runs,False,6,0.1604,5245.0
914,54,return_estimate_on_incomplete_runs,False,2,0.1613,3870.0
915,54,return_estimate_on_incomplete_runs,False,8,0.1539,3276.0
916,54,return_estimate_on_incomplete_runs,False,5,0.1749,4715.0
917,54,return_estimate_on_incomplete_runs,True,6,0.1604,5294.0
918,54,return_estimate_on_incomplete_runs,True,1,0.1702,4054.0
919,54,return_estimate_on_incomplete_runs,True,5,0.1749,4573.0
920,54,return_estimate_on_incomplete_runs,True,8,0.1539,3311.0
921,54,return_estimate_on_incomplete_runs,True,2,0.1613,3833.0
922,54,return_estimate_on_incomplete_runs,True,0,0.1628,3630.0
923,54,return_estimate_on_incomplete_runs,True,7,0.1924,3949.0
924,54,return_estimate_on_incomplete_runs,True,3,0.154,3722.0
925,54,return_estimate_on_incomplete_runs,True,9,0.1564,5224.0
926,54,return_estimate_on_incomplete_runs,True,4,0.166,3065.0
927,54,max_conf_interval_size_default,0.07,5,0.1749,5559.0
928,54,max_conf_interval_size_default,0.07,8,0.1539,3813.0
929,54,max_conf_interval_size_default,0.07,2,0.1789,4126.0
930,54,max_conf_interval_size_default,0.07,6,0.1604,5866.0
931,54,max_conf_interval_size_default,0.07,1,0.1702,4477.0
932,54,max_conf_interval_size_default,0.07,3,0.154,4108.0
933,54,max_conf_interval_size_default,0.07,9,0.1564,5752.0
934,54,max_conf_interval_size_default,0.07,4,0.1791,3824.0
935,54,max_conf_interval_size_default,0.07,0,0.1668,3762.0
936,54,max_conf_interval_size_default,0.07,7,0.192,4887.0
937,54,max_conf_interval_size_default,0.04,0,0.1668,4633.0
938,54,max_conf_interval_size_default,0.04,7,0.1996,6204.0
939,54,max_conf_interval_size_default,0.04,9,0.1564,6223.0
940,54,max_conf_interval_size_default,0.04,3,0.1605,5394.0
941,54,max_conf_interval_size_default,0.04,4,0.1791,4659.0
942,54,max_conf_interval_size_default,0.04,6,0.1604,6486.0
943,54,max_conf_interval_size_default,0.04,1,0.1702,5409.0
944,54,max_conf_interval_size_default,0.04,5,0.1749,6306.0
945,54,max_conf_interval_size_default,0.04,2,0.1613,5494.0
946,54,max_conf_interval_size_default,0.04,8,0.1539,4851.0
947,54,max_conf_interval_size_default,0.1,0,0.1628,3509.0
948,54,max_conf_interval_size_default,0.1,7,0.1924,3944.0
949,54,max_conf_interval_size_default,0.1,3,0.154,3752.0
950,54,max_conf_interval_size_default,0.1,9,0.1564,5051.0
951,54,max_conf_interval_size_default,0.1,4,0.166,3063.0
952,54,max_conf_interval_size_default,0.1,6,0.1604,5311.0
953,54,max_conf_interval_size_default,0.1,1,0.1702,4178.0
954,54,max_conf_interval_size_default,0.1,5,0.1749,4667.0
955,54,max_conf_interval_size_default,0.1,8,0.1539,3306.0
956,54,max_conf_interval_size_default,0.1,2,0.1613,3826.0
957,54,max_conf_interval_size_default,0.01,0,0.1668,5064.0
958,54,max_conf_interval_size_default,0.01,7,0.1805,6799.0
959,54,max_conf_interval_size_default,0.01,3,0.1605,5959.0
960,54,max_conf_interval_size_default,0.01,9,0.1564,7401.0
961,54,max_conf_interval_size_default,0.01,4,0.166,5516.0
962,54,max_conf_interval_size_default,0.01,6,0.1604,7008.0
963,54,max_conf_interval_size_default,0.01,1,0.1702,6227.0
964,54,max_conf_interval_size_default,0.01,5,0.1749,6945.0
965,54,max_conf_interval_size_default,0.01,8,0.1535,5429.0
966,54,max_conf_interval_size_default,0.01,2,0.2153,5933.0
967,54,base,2,9,0.1564,5013.0
968,54,base,2,4,0.166,3163.0
969,54,base,2,7,0.1924,3959.0
970,54,base,2,5,0.1749,4596.0
971,54,base,2,8,0.1539,3319.0
972,54,base,2,6,0.1604,5331.0
973,54,base,3,5,0.1528,5373.0
974,54,base,3,8,0.1658,4174.0
975,54,base,3,2,0.1615,4718.0
976,54,base,3,6,0.1604,5694.0
977,54,base,3,1,0.1702,5870.0
978,54,base,3,3,0.1605,4110.0
979,54,base,3,9,0.1564,5435.0
980,54,base,3,4,0.1569,4065.0
981,54,base,3,0,0.1628,3947.0
982,54,base,3,7,0.1967,5223.0
983,54,base,4,6,0.1604,4802.0
984,54,base,4,1,0.1702,4327.0
985,54,base,4,5,0.1528,4160.0
986,54,base,4,8,0.1505,3269.0
987,54,base,4,2,0.1612,3889.0
988,54,base,4,0,0.1628,2994.0
989,54,base,4,7,0.1805,4172.0
990,54,base,4,3,0.1605,3187.0
991,54,base,4,9,0.1564,4169.0
992,54,base,4,4,0.1569,3225.0
993,1486,return_estimate_on_incomplete_runs,True,9,0.0506,25763.0
994,1486,return_estimate_on_incomplete_runs,True,3,0.0534,17957.0
995,1486,return_estimate_on_incomplete_runs,True,4,0.0527,22798.0
996,1486,return_estimate_on_incomplete_runs,True,0,0.0534,18969.0
997,1486,return_estimate_on_incomplete_runs,True,7,0.0627,17634.0
998,1486,return_estimate_on_incomplete_runs,True,5,0.0556,21492.0
999,1486,return_estimate_on_incomplete_runs,True,2,0.0527,24339.0
1000,1486,return_estimate_on_incomplete_runs,True,8,0.051,12542.0
1001,1486,return_estimate_on_incomplete_runs,True,6,0.0577,22657.0
1002,1486,return_estimate_on_incomplete_runs,True,1,0.0603,17516.0
1003,1486,return_estimate_on_incomplete_runs,False,1,0.0603,17490.0
1004,1486,return_estimate_on_incomplete_runs,False,6,0.0577,21902.0
1005,1486,return_estimate_on_incomplete_runs,False,2,0.0527,23663.0
1006,1486,return_estimate_on_incomplete_runs,False,8,0.051,12650.0
1007,1486,return_estimate_on_incomplete_runs,False,5,0.0556,21485.0
1008,1486,return_estimate_on_incomplete_runs,False,7,0.0627,18453.0
1009,1486,return_estimate_on_incomplete_runs,False,0,0.0534,18607.0
1010,1486,return_estimate_on_incomplete_runs,False,4,0.0527,22498.0
1011,1486,return_estimate_on_incomplete_runs,False,9,0.0506,25496.0
1012,1486,return_estimate_on_incomplete_runs,False,3,0.0534,17907.0
1013,1486,base,4,0,0.0578,21141.0
1014,1486,base,4,7,0.0521,25999.0
1015,1486,base,4,3,0.0543,23414.0
1016,1486,base,4,9,0.0515,28410.0
1017,1486,base,4,4,0.0516,25745.0
1018,1486,base,4,6,0.0543,28056.0
1019,1486,base,4,1,0.0572,26656.0
1020,1486,base,4,5,0.0556,21238.0
1021,1486,base,4,8,0.051,16814.0
1022,1486,base,4,2,0.0554,20724.0
1023,1486,base,3,3,0.0534,14341.0
1024,1486,base,3,9,0.0507,19731.0
1025,1486,base,3,4,0.0524,17438.0
1026,1486,base,3,0,0.0569,15397.0
1027,1486,base,3,7,0.0533,18492.0
1028,1486,base,3,5,0.0554,16307.0
1029,1486,base,3,8,0.0512,11356.0
1030,1486,base,3,2,0.0549,16906.0
1031,1486,base,3,6,0.0545,19781.0
1032,1486,base,3,1,0.0575,17698.0
1033,1486,base,2,6,0.0577,21828.0
1034,1486,base,2,5,0.0556,21401.0
1035,1486,base,2,8,0.051,12581.0
1036,1486,base,2,7,0.0627,17691.0
1037,1486,base,2,9,0.0506,25420.0
1038,1486,base,2,4,0.0527,22143.0
1039,1486,max_conf_interval_size_default,0.01,4,0.0528,21126.0
1040,1486,max_conf_interval_size_default,0.01,3,0.0534,17140.0
1041,1486,max_conf_interval_size_default,0.01,9,0.0508,20862.0
1042,1486,max_conf_interval_size_default,0.01,7,0.0627,21408.0
1043,1486,max_conf_interval_size_default,0.01,0,0.0534,20771.0
1044,1486,max_conf_interval_size_default,0.01,8,0.054,15109.0
1045,1486,max_conf_interval_size_default,0.01,2,0.0552,22830.0
1046,1486,max_conf_interval_size_default,0.01,5,0.0571,17209.0
1047,1486,max_conf_interval_size_default,0.01,1,0.0605,20186.0
1048,1486,max_conf_interval_size_default,0.01,6,0.0547,24809.0
1049,1486,max_conf_interval_size_default,0.1,6,0.0577,21815.0
1050,1486,max_conf_interval_size_default,0.1,1,0.0603,18111.0
1051,1486,max_conf_interval_size_default,0.1,5,0.0556,20896.0
1052,1486,max_conf_interval_size_default,0.1,8,0.051,12873.0
1053,1486,max_conf_interval_size_default,0.1,2,0.0527,24481.0
1054,1486,max_conf_interval_size_default,0.1,0,0.0534,19118.0
1055,1486,max_conf_interval_size_default,0.1,7,0.0627,17934.0
1056,1486,max_conf_interval_size_default,0.1,3,0.0534,17452.0
1057,1486,max_conf_interval_size_default,0.1,9,0.0506,26212.0
1058,1486,max_conf_interval_size_default,0.1,4,0.0527,22853.0
1059,1486,max_conf_interval_size_default,0.04,6,0.0546,22389.0
1060,1486,max_conf_interval_size_default,0.04,1,0.0603,18185.0
1061,1486,max_conf_interval_size_default,0.04,5,0.0571,21454.0
1062,1486,max_conf_interval_size_default,0.04,8,0.051,13176.0
1063,1486,max_conf_interval_size_default,0.04,2,0.0526,24919.0
1064,1486,max_conf_interval_size_default,0.04,0,0.0526,18508.0
1065,1486,max_conf_interval_size_default,0.04,7,0.0534,18677.0
1066,1486,max_conf_interval_size_default,0.04,3,0.055,18702.0
1067,1486,max_conf_interval_size_default,0.04,9,0.0506,28660.0
1068,1486,max_conf_interval_size_default,0.04,4,0.0525,23856.0
1069,1486,max_conf_interval_size_default,0.07,1,0.0603,18305.0
1070,1486,max_conf_interval_size_default,0.07,6,0.0577,21814.0
1071,1486,max_conf_interval_size_default,0.07,2,0.0525,24690.0
1072,1486,max_conf_interval_size_default,0.07,8,0.051,13449.0
1073,1486,max_conf_interval_size_default,0.07,5,0.0556,21031.0
1074,1486,max_conf_interval_size_default,0.07,7,0.0546,18429.0
1075,1486,max_conf_interval_size_default,0.07,0,0.055,19008.0
1076,1486,max_conf_interval_size_default,0.07,4,0.0527,22794.0
1077,1486,max_conf_interval_size_default,0.07,9,0.0506,28262.0
1078,1486,max_conf_interval_size_default,0.07,3,0.0534,21801.0
1079,1486,MAX_ESTIMATE_MARGIN_FOR_FULL_EVALUATION,0.04,6,0.0525,21822.0
1080,1486,MAX_ESTIMATE_MARGIN_FOR_FULL_EVALUATION,0.04,1,0.0603,18396.0
1081,1486,MAX_ESTIMATE_MARGIN_FOR_FULL_EVALUATION,0.04,5,0.0556,22931.0
1082,1486,MAX_ESTIMATE_MARGIN_FOR_FULL_EVALUATION,0.04,8,0.051,13169.0
1083,1486,MAX_ESTIMATE_MARGIN_FOR_FULL_EVALUATION,0.04,2,0.0527,24293.0
1084,1486,MAX_ESTIMATE_MARGIN_FOR_FULL_EVALUATION,0.04,0,0.0534,18361.0
1085,1486,MAX_ESTIMATE_MARGIN_FOR_FULL_EVALUATION,0.04,7,0.0627,17574.0
1086,1486,MAX_ESTIMATE_MARGIN_FOR_FULL_EVALUATION,0.04,3,0.0534,17416.0
1087,1486,MAX_ESTIMATE_MARGIN_FOR_FULL_EVALUATION,0.04,9,0.0506,25941.0
1088,1486,MAX_ESTIMATE_MARGIN_FOR_FULL_EVALUATION,0.04,4,0.0528,22661.0
1089,1486,MAX_ESTIMATE_MARGIN_FOR_FULL_EVALUATION,0.07,3,0.0534,17532.0
1090,1486,MAX_ESTIMATE_MARGIN_FOR_FULL_EVALUATION,0.07,9,0.0506,29120.0
1091,1486,MAX_ESTIMATE_MARGIN_FOR_FULL_EVALUATION,0.07,4,0.0527,26454.0
1092,1486,MAX_ESTIMATE_MARGIN_FOR_FULL_EVALUATION,0.07,0,0.0534,18834.0
1093,1486,MAX_ESTIMATE_MARGIN_FOR_FULL_EVALUATION,0.07,7,0.0627,18614.0
1094,1486,MAX_ESTIMATE_MARGIN_FOR_FULL_EVALUATION,0.07,5,0.0556,21425.0
1095,1486,MAX_ESTIMATE_MARGIN_FOR_FULL_EVALUATION,0.07,8,0.051,13296.0
1096,1486,MAX_ESTIMATE_MARGIN_FOR_FULL_EVALUATION,0.07,2,0.0527,24887.0
1097,1486,MAX_ESTIMATE_MARGIN_FOR_FULL_EVALUATION,0.07,6,0.0525,21728.0
1098,1486,MAX_ESTIMATE_MARGIN_FOR_FULL_EVALUATION,0.07,1,0.0603,17421.0
1099,1486,MAX_ESTIMATE_MARGIN_FOR_FULL_EVALUATION,0.1,4,0.0527,26552.0
1100,1486,MAX_ESTIMATE_MARGIN_FOR_FULL_EVALUATION,0.1,9,0.0508,29307.0
1101,1486,MAX_ESTIMATE_MARGIN_FOR_FULL_EVALUATION,0.1,3,0.0534,17687.0
1102,1486,MAX_ESTIMATE_MARGIN_FOR_FULL_EVALUATION,0.1,7,0.0546,18876.0
1103,1486,MAX_ESTIMATE_MARGIN_FOR_FULL_EVALUATION,0.1,0,0.0534,18895.0
1104,1486,MAX_ESTIMATE_MARGIN_FOR_FULL_EVALUATION,0.1,2,0.0527,24657.0
1105,1486,MAX_ESTIMATE_MARGIN_FOR_FULL_EVALUATION,0.1,8,0.051,12752.0
1106,1486,MAX_ESTIMATE_MARGIN_FOR_FULL_EVALUATION,0.1,5,0.0556,22281.0
1107,1486,MAX_ESTIMATE_MARGIN_FOR_FULL_EVALUATION,0.1,1,0.0603,17315.0
1108,1486,MAX_ESTIMATE_MARGIN_FOR_FULL_EVALUATION,0.1,6,0.0577,22214.0
1109,1486,MAX_ESTIMATE_MARGIN_FOR_FULL_EVALUATION,-0.01,6,0.0545,21957.0
1110,1486,MAX_ESTIMATE_MARGIN_FOR_FULL_EVALUATION,-0.01,1,0.0603,21038.0
1111,1486,MAX_ESTIMATE_MARGIN_FOR_FULL_EVALUATION,-0.01,5,0.0556,18633.0
1112,1486,MAX_ESTIMATE_MARGIN_FOR_FULL_EVALUATION,-0.01,8,0.051,12662.0
1113,1486,MAX_ESTIMATE_MARGIN_FOR_FULL_EVALUATION,-0.01,2,0.0538,19166.0
1114,1486,MAX_ESTIMATE_MARGIN_FOR_FULL_EVALUATION,-0.01,0,0.055,18053.0
1115,1486,MAX_ESTIMATE_MARGIN_FOR_FULL_EVALUATION,-0.01,7,0.0627,18319.0
1116,1486,MAX_ESTIMATE_MARGIN_FOR_FULL_EVALUATION,-0.01,3,0.0543,14127.0
1117,1486,MAX_ESTIMATE_MARGIN_FOR_FULL_EVALUATION,-0.01,9,0.0508,25583.0
1118,1486,MAX_ESTIMATE_MARGIN_FOR_FULL_EVALUATION,-0.01,4,0.0528,23426.0
1119,1486,MAX_ESTIMATE_MARGIN_FOR_FULL_EVALUATION,-0.1,3,0.0543,14556.0
1120,1486,MAX_ESTIMATE_MARGIN_FOR_FULL_EVALUATION,-0.1,9,0.0507,21879.0
1121,1486,MAX_ESTIMATE_MARGIN_FOR_FULL_EVALUATION,-0.1,4,0.0528,20561.0
1122,1486,MAX_ESTIMATE_MARGIN_FOR_FULL_EVALUATION,-0.1,0,0.0574,15131.0
1123,1486,MAX_ESTIMATE_MARGIN_FOR_FULL_EVALUATION,-0.1,7,0.0584,17342.0
1124,1486,MAX_ESTIMATE_MARGIN_FOR_FULL_EVALUATION,-0.1,5,0.0571,15379.0
1125,1486,MAX_ESTIMATE_MARGIN_FOR_FULL_EVALUATION,-0.1,8,0.054,13043.0
1126,1486,MAX_ESTIMATE_MARGIN_FOR_FULL_EVALUATION,-0.1,2,0.0556,15796.0
1127,1486,MAX_ESTIMATE_MARGIN_FOR_FULL_EVALUATION,-0.1,6,0.0581,19424.0
1128,1486,MAX_ESTIMATE_MARGIN_FOR_FULL_EVALUATION,-0.1,1,0.057,17482.0
1129,1486,MAX_ESTIMATE_MARGIN_FOR_FULL_EVALUATION,-0.04,7,0.0584,17519.0
1130,1486,MAX_ESTIMATE_MARGIN_FOR_FULL_EVALUATION,-0.04,0,0.055,14520.0
1131,1486,MAX_ESTIMATE_MARGIN_FOR_FULL_EVALUATION,-0.04,4,0.0528,21223.0
1132,1486,MAX_ESTIMATE_MARGIN_FOR_FULL_EVALUATION,-0.04,9,0.0508,26106.0
1133,1486,MAX_ESTIMATE_MARGIN_FOR_FULL_EVALUATION,-0.04,3,0.0543,13908.0
1134,1486,MAX_ESTIMATE_MARGIN_FOR_FULL_EVALUATION,-0.04,1,0.0603,20947.0
1135,1486,MAX_ESTIMATE_MARGIN_FOR_FULL_EVALUATION,-0.04,6,0.0545,22098.0
1136,1486,MAX_ESTIMATE_MARGIN_FOR_FULL_EVALUATION,-0.04,2,0.0538,15558.0
1137,1486,MAX_ESTIMATE_MARGIN_FOR_FULL_EVALUATION,-0.04,8,0.051,13355.0
1138,1486,MAX_ESTIMATE_MARGIN_FOR_FULL_EVALUATION,-0.04,5,0.0556,18926.0
1139,1486,MAX_ESTIMATE_MARGIN_FOR_FULL_EVALUATION,0.01,2,0.0538,20873.0
1140,1486,MAX_ESTIMATE_MARGIN_FOR_FULL_EVALUATION,0.01,8,0.051,12440.0
1141,1486,MAX_ESTIMATE_MARGIN_FOR_FULL_EVALUATION,0.01,5,0.0556,18852.0
1142,1486,MAX_ESTIMATE_MARGIN_FOR_FULL_EVALUATION,0.01,1,0.0603,20152.0
1143,1486,MAX_ESTIMATE_MARGIN_FOR_FULL_EVALUATION,0.01,6,0.0545,21955.0
1144,1486,MAX_ESTIMATE_MARGIN_FOR_FULL_EVALUATION,0.01,4,0.0527,23382.0
1145,1486,MAX_ESTIMATE_MARGIN_FOR_FULL_EVALUATION,0.01,9,0.0506,25318.0
1146,1486,MAX_ESTIMATE_MARGIN_FOR_FULL_EVALUATION,0.01,3,0.0543,14189.0
1147,1486,MAX_ESTIMATE_MARGIN_FOR_FULL_EVALUATION,0.01,7,0.0627,17297.0
1148,1486,MAX_ESTIMATE_MARGIN_FOR_FULL_EVALUATION,0.01,0,0.055,18047.0
1149,1486,MAX_ESTIMATE_MARGIN_FOR_FULL_EVALUATION,-0.07,4,0.0528,20222.0
1150,1486,MAX_ESTIMATE_MARGIN_FOR_FULL_EVALUATION,-0.07,9,0.0507,24913.0
1151,1486,MAX_ESTIMATE_MARGIN_FOR_FULL_EVALUATION,-0.07,3,0.0543,14649.0
1152,1486,MAX_ESTIMATE_MARGIN_FOR_FULL_EVALUATION,-0.07,7,0.0584,17226.0
1153,1486,MAX_ESTIMATE_MARGIN_FOR_FULL_EVALUATION,-0.07,0,0.0574,15874.0
1154,1486,MAX_ESTIMATE_MARGIN_FOR_FULL_EVALUATION,-0.07,2,0.0538,16002.0
1155,1486,MAX_ESTIMATE_MARGIN_FOR_FULL_EVALUATION,-0.07,8,0.054,13135.0
1156,1486,MAX_ESTIMATE_MARGIN_FOR_FULL_EVALUATION,-0.07,5,0.0596,17865.0
1157,1486,MAX_ESTIMATE_MARGIN_FOR_FULL_EVALUATION,-0.07,1,0.057,17618.0
1158,1486,MAX_ESTIMATE_MARGIN_FOR_FULL_EVALUATION,-0.07,6,0.0581,18913.0
1159,1067,MAX_ESTIMATE_MARGIN_FOR_FULL_EVALUATION,0.1,7,0.1465,5820.0
1160,1067,MAX_ESTIMATE_MARGIN_FOR_FULL_EVALUATION,0.1,0,0.1466,4694.0
1161,1067,MAX_ESTIMATE_MARGIN_FOR_FULL_EVALUATION,0.1,4,0.1462,5152.0
1162,1067,MAX_ESTIMATE_MARGIN_FOR_FULL_EVALUATION,0.1,3,0.1466,4869.0
1163,1067,MAX_ESTIMATE_MARGIN_FOR_FULL_EVALUATION,0.1,9,0.137,6123.0
1164,1067,MAX_ESTIMATE_MARGIN_FOR_FULL_EVALUATION,0.1,1,0.1466,5975.0
1165,1067,MAX_ESTIMATE_MARGIN_FOR_FULL_EVALUATION,0.1,6,0.1464,6003.0
1166,1067,MAX_ESTIMATE_MARGIN_FOR_FULL_EVALUATION,0.1,8,0.1368,4306.0
1167,1067,MAX_ESTIMATE_MARGIN_FOR_FULL_EVALUATION,0.1,2,0.1464,5919.0
1168,1067,MAX_ESTIMATE_MARGIN_FOR_FULL_EVALUATION,0.1,5,0.141,5357.0
1169,1067,MAX_ESTIMATE_MARGIN_FOR_FULL_EVALUATION,-0.04,6,0.149,6299.0
1170,1067,MAX_ESTIMATE_MARGIN_FOR_FULL_EVALUATION,-0.04,1,0.143,5656.0
1171,1067,MAX_ESTIMATE_MARGIN_FOR_FULL_EVALUATION,-0.04,5,0.138,5640.0
1172,1067,MAX_ESTIMATE_MARGIN_FOR_FULL_EVALUATION,-0.04,2,0.1423,5214.0
1173,1067,MAX_ESTIMATE_MARGIN_FOR_FULL_EVALUATION,-0.04,8,0.1417,4640.0
1174,1067,MAX_ESTIMATE_MARGIN_FOR_FULL_EVALUATION,-0.04,0,0.1466,5008.0
1175,1067,MAX_ESTIMATE_MARGIN_FOR_FULL_EVALUATION,-0.04,7,0.1457,5949.0
1176,1067,MAX_ESTIMATE_MARGIN_FOR_FULL_EVALUATION,-0.04,9,0.1536,6446.0
1177,1067,MAX_ESTIMATE_MARGIN_FOR_FULL_EVALUATION,-0.04,3,0.1466,4885.0
1178,1067,MAX_ESTIMATE_MARGIN_FOR_FULL_EVALUATION,-0.04,4,0.1462,5344.0
1179,1067,MAX_ESTIMATE_MARGIN_FOR_FULL_EVALUATION,0.01,4,0.1462,5350.0
1180,1067,MAX_ESTIMATE_MARGIN_FOR_FULL_EVALUATION,0.01,9,0.1536,6583.0
1181,1067,MAX_ESTIMATE_MARGIN_FOR_FULL_EVALUATION,0.01,3,0.1466,4996.0
1182,1067,MAX_ESTIMATE_MARGIN_FOR_FULL_EVALUATION,0.01,7,0.1457,5879.0
1183,1067,MAX_ESTIMATE_MARGIN_FOR_FULL_EVALUATION,0.01,0,0.1466,5022.0
1184,1067,MAX_ESTIMATE_MARGIN_FOR_FULL_EVALUATION,0.01,2,0.1423,5134.0
1185,1067,MAX_ESTIMATE_MARGIN_FOR_FULL_EVALUATION,0.01,8,0.1417,4570.0
1186,1067,MAX_ESTIMATE_MARGIN_FOR_FULL_EVALUATION,0.01,5,0.138,5584.0
1187,1067,MAX_ESTIMATE_MARGIN_FOR_FULL_EVALUATION,0.01,1,0.1466,5549.0
1188,1067,MAX_ESTIMATE_MARGIN_FOR_FULL_EVALUATION,0.01,6,0.149,6230.0
1189,1067,MAX_ESTIMATE_MARGIN_FOR_FULL_EVALUATION,-0.07,1,0.143,5698.0
1190,1067,MAX_ESTIMATE_MARGIN_FOR_FULL_EVALUATION,-0.07,6,0.149,6285.0
1191,1067,MAX_ESTIMATE_MARGIN_FOR_FULL_EVALUATION,-0.07,2,0.1423,5268.0
1192,1067,MAX_ESTIMATE_MARGIN_FOR_FULL_EVALUATION,-0.07,8,0.1417,4631.0
1193,1067,MAX_ESTIMATE_MARGIN_FOR_FULL_EVALUATION,-0.07,5,0.138,5532.0
1194,1067,MAX_ESTIMATE_MARGIN_FOR_FULL_EVALUATION,-0.07,7,0.1457,5883.0
1195,1067,MAX_ESTIMATE_MARGIN_FOR_FULL_EVALUATION,-0.07,0,0.1466,5081.0
1196,1067,MAX_ESTIMATE_MARGIN_FOR_FULL_EVALUATION,-0.07,4,0.1462,5384.0
1197,1067,MAX_ESTIMATE_MARGIN_FOR_FULL_EVALUATION,-0.07,9,0.1536,6673.0
1198,1067,MAX_ESTIMATE_MARGIN_FOR_FULL_EVALUATION,-0.07,3,0.1466,4975.0
1199,1067,MAX_ESTIMATE_MARGIN_FOR_FULL_EVALUATION,0.04,0,0.1466,4519.0
1200,1067,MAX_ESTIMATE_MARGIN_FOR_FULL_EVALUATION,0.04,7,0.1457,5873.0
1201,1067,MAX_ESTIMATE_MARGIN_FOR_FULL_EVALUATION,0.04,9,0.1536,6427.0
1202,1067,MAX_ESTIMATE_MARGIN_FOR_FULL_EVALUATION,0.04,3,0.1466,4922.0
1203,1067,MAX_ESTIMATE_MARGIN_FOR_FULL_EVALUATION,0.04,4,0.1462,5414.0
1204,1067,MAX_ESTIMATE_MARGIN_FOR_FULL_EVALUATION,0.04,6,0.1478,6075.0
1205,1067,MAX_ESTIMATE_MARGIN_FOR_FULL_EVALUATION,0.04,1,0.1466,5738.0
1206,1067,MAX_ESTIMATE_MARGIN_FOR_FULL_EVALUATION,0.04,5,0.141,5272.0
1207,1067,MAX_ESTIMATE_MARGIN_FOR_FULL_EVALUATION,0.04,2,0.1423,5348.0
1208,1067,MAX_ESTIMATE_MARGIN_FOR_FULL_EVALUATION,0.04,8,0.1368,4490.0
1209,1067,MAX_ESTIMATE_MARGIN_FOR_FULL_EVALUATION,0.07,9,0.137,6141.0
1210,1067,MAX_ESTIMATE_MARGIN_FOR_FULL_EVALUATION,0.07,3,0.1466,4969.0
1211,1067,MAX_ESTIMATE_MARGIN_FOR_FULL_EVALUATION,0.07,4,0.1462,5243.0
1212,1067,MAX_ESTIMATE_MARGIN_FOR_FULL_EVALUATION,0.07,0,0.1466,4657.0
1213,1067,MAX_ESTIMATE_MARGIN_FOR_FULL_EVALUATION,0.07,7,0.1465,5893.0
1214,1067,MAX_ESTIMATE_MARGIN_FOR_FULL_EVALUATION,0.07,5,0.141,5192.0
1215,1067,MAX_ESTIMATE_MARGIN_FOR_FULL_EVALUATION,0.07,2,0.1464,5813.0
1216,1067,MAX_ESTIMATE_MARGIN_FOR_FULL_EVALUATION,0.07,8,0.1368,4291.0
1217,1067,MAX_ESTIMATE_MARGIN_FOR_FULL_EVALUATION,0.07,6,0.1464,5937.0
1218,1067,MAX_ESTIMATE_MARGIN_FOR_FULL_EVALUATION,0.07,1,0.1466,5784.0
1219,1067,MAX_ESTIMATE_MARGIN_FOR_FULL_EVALUATION,-0.01,8,0.1417,4645.0
1220,1067,MAX_ESTIMATE_MARGIN_FOR_FULL_EVALUATION,-0.01,2,0.1423,5167.0
1221,1067,MAX_ESTIMATE_MARGIN_FOR_FULL_EVALUATION,-0.01,5,0.138,5699.0
1222,1067,MAX_ESTIMATE_MARGIN_FOR_FULL_EVALUATION,-0.01,1,0.143,5523.0
1223,1067,MAX_ESTIMATE_MARGIN_FOR_FULL_EVALUATION,-0.01,6,0.149,6263.0
1224,1067,MAX_ESTIMATE_MARGIN_FOR_FULL_EVALUATION,-0.01,4,0.1462,5362.0
1225,1067,MAX_ESTIMATE_MARGIN_FOR_FULL_EVALUATION,-0.01,3,0.1466,5019.0
1226,1067,MAX_ESTIMATE_MARGIN_FOR_FULL_EVALUATION,-0.01,9,0.1536,6532.0
1227,1067,MAX_ESTIMATE_MARGIN_FOR_FULL_EVALUATION,-0.01,7,0.1457,5916.0
1228,1067,MAX_ESTIMATE_MARGIN_FOR_FULL_EVALUATION,-0.01,0,0.1466,5250.0
1229,1067,MAX_ESTIMATE_MARGIN_FOR_FULL_EVALUATION,-0.1,2,0.1423,5188.0
1230,1067,MAX_ESTIMATE_MARGIN_FOR_FULL_EVALUATION,-0.1,8,0.1417,4594.0
1231,1067,MAX_ESTIMATE_MARGIN_FOR_FULL_EVALUATION,-0.1,5,0.138,5621.0
1232,1067,MAX_ESTIMATE_MARGIN_FOR_FULL_EVALUATION,-0.1,1,0.143,5580.0
1233,1067,MAX_ESTIMATE_MARGIN_FOR_FULL_EVALUATION,-0.1,6,0.149,6242.0
1234,1067,MAX_ESTIMATE_MARGIN_FOR_FULL_EVALUATION,-0.1,4,0.1462,5355.0
1235,1067,MAX_ESTIMATE_MARGIN_FOR_FULL_EVALUATION,-0.1,9,0.1536,6464.0
1236,1067,MAX_ESTIMATE_MARGIN_FOR_FULL_EVALUATION,-0.1,3,0.1466,5005.0
1237,1067,MAX_ESTIMATE_MARGIN_FOR_FULL_EVALUATION,-0.1,7,0.1457,5909.0
1238,1067,MAX_ESTIMATE_MARGIN_FOR_FULL_EVALUATION,-0.1,0,0.1466,5027.0
1239,1067,max_conf_interval_size_default,0.1,1,0.1466,5706.0
1240,1067,max_conf_interval_size_default,0.1,6,0.1488,6163.0
1241,1067,max_conf_interval_size_default,0.1,2,0.1423,5147.0
1242,1067,max_conf_interval_size_default,0.1,8,0.1417,4497.0
1243,1067,max_conf_interval_size_default,0.1,5,0.1468,5453.0
1244,1067,max_conf_interval_size_default,0.1,7,0.1457,5949.0
1245,1067,max_conf_interval_size_default,0.1,0,0.1466,5051.0
1246,1067,max_conf_interval_size_default,0.1,4,0.1462,5503.0
1247,1067,max_conf_interval_size_default,0.1,9,0.1536,6543.0
1248,1067,max_conf_interval_size_default,0.1,3,0.1466,4914.0
1249,1067,max_conf_interval_size_default,0.01,6,0.1418,8528.0
1250,1067,max_conf_interval_size_default,0.01,1,0.1424,7691.0
1251,1067,max_conf_interval_size_default,0.01,5,0.1365,8367.0
1252,1067,max_conf_interval_size_default,0.01,2,0.1458,8922.0
1253,1067,max_conf_interval_size_default,0.01,8,0.1424,6025.0
1254,1067,max_conf_interval_size_default,0.01,0,0.1475,6921.0
1255,1067,max_conf_interval_size_default,0.01,7,0.1394,8560.0
1256,1067,max_conf_interval_size_default,0.01,9,0.1358,9491.0
1257,1067,max_conf_interval_size_default,0.01,3,0.1419,7251.0
1258,1067,max_conf_interval_size_default,0.01,4,0.1404,7274.0
1259,1067,max_conf_interval_size_default,0.04,0,0.1416,5700.0
1260,1067,max_conf_interval_size_default,0.04,7,0.1436,6814.0
1261,1067,max_conf_interval_size_default,0.04,3,0.143,5247.0
1262,1067,max_conf_interval_size_default,0.04,9,0.1466,6628.0
1263,1067,max_conf_interval_size_default,0.04,4,0.1366,5354.0
1264,1067,max_conf_interval_size_default,0.04,6,0.1467,6335.0
1265,1067,max_conf_interval_size_default,0.04,1,0.1438,6107.0
1266,1067,max_conf_interval_size_default,0.04,5,0.1389,5906.0
1267,1067,max_conf_interval_size_default,0.04,8,0.1411,4461.0
1268,1067,max_conf_interval_size_default,0.04,2,0.1385,7152.0
1269,1067,max_conf_interval_size_default,0.07,3,0.1482,4864.0
1270,1067,max_conf_interval_size_default,0.07,9,0.1466,6586.0
1271,1067,max_conf_interval_size_default,0.07,4,0.1462,5318.0
1272,1067,max_conf_interval_size_default,0.07,0,0.1466,4688.0
1273,1067,max_conf_interval_size_default,0.07,7,0.1375,6241.0
1274,1067,max_conf_interval_size_default,0.07,5,0.1365,5317.0
1275,1067,max_conf_interval_size_default,0.07,8,0.1417,4319.0
1276,1067,max_conf_interval_size_default,0.07,2,0.1423,5566.0
1277,1067,max_conf_interval_size_default,0.07,6,0.1478,6198.0
1278,1067,max_conf_interval_size_default,0.07,1,0.1466,5812.0
1279,1067,return_estimate_on_incomplete_runs,False,5,0.1468,5372.0
1280,1067,return_estimate_on_incomplete_runs,False,8,0.1417,4503.0
1281,1067,return_estimate_on_incomplete_runs,False,2,0.1423,5160.0
1282,1067,return_estimate_on_incomplete_runs,False,6,0.1488,6152.0
1283,1067,return_estimate_on_incomplete_runs,False,1,0.1466,5715.0
1284,1067,return_estimate_on_incomplete_runs,False,3,0.1466,4900.0
1285,1067,return_estimate_on_incomplete_runs,False,9,0.1536,6691.0
1286,1067,return_estimate_on_incomplete_runs,False,4,0.1462,5460.0
1287,1067,return_estimate_on_incomplete_runs,False,0,0.1466,4995.0
1288,1067,return_estimate_on_incomplete_runs,False,7,0.1457,5882.0
1289,1067,return_estimate_on_incomplete_runs,True,9,0.1536,6640.0
1290,1067,return_estimate_on_incomplete_runs,True,3,0.1466,4836.0
1291,1067,return_estimate_on_incomplete_runs,True,4,0.1462,5476.0
1292,1067,return_estimate_on_incomplete_runs,True,0,0.1466,4922.0
1293,1067,return_estimate_on_incomplete_runs,True,7,0.1457,5940.0
1294,1067,return_estimate_on_incomplete_runs,True,5,0.1468,5419.0
1295,1067,return_estimate_on_incomplete_runs,True,2,0.1423,5191.0
1296,1067,return_estimate_on_incomplete_runs,True,8,0.1417,4597.0
1297,1067,return_estimate_on_incomplete_runs,True,6,0.1488,6229.0
1298,1067,return_estimate_on_incomplete_runs,True,1,0.1466,5695.0
1299,1067,base,3,0,0.1424,4672.0
1300,1067,base,3,7,0.1399,6344.0
1301,1067,base,3,3,0.1472,4941.0
1302,1067,base,3,9,0.1378,6681.0
1303,1067,base,3,4,0.1464,5133.0
1304,1067,base,3,6,0.1417,6602.0
1305,1067,base,3,1,0.1409,6320.0
1306,1067,base,3,5,0.1486,6006.0
1307,1067,base,3,2,0.1505,6875.0
1308,1067,base,4,4,0.1463,5028.0
1309,1067,base,4,9,0.1564,6633.0
1310,1067,base,4,3,0.1466,4767.0
1311,1067,base,4,7,0.1488,5927.0
1312,1067,base,4,0,0.1418,4813.0
1313,1067,base,4,2,0.1436,6436.0
1314,1067,base,4,8,0.1417,4199.0
1315,1067,base,4,5,0.1446,5857.0
1316,1067,base,4,1,0.1604,6338.0
1317,1067,base,4,6,0.1459,6351.0
1318,1067,base,2,9,0.1536,6558.0
1319,1067,base,2,7,0.1457,5864.0
1320,1067,base,2,5,0.1468,5438.0
1321,1067,base,2,8,0.1417,4534.0
1322,1067,base,2,6,0.1488,6230.0
